0 verbose cli D:\node.exe D:\node_modules\npm\bin\npm-cli.js
1 info using npm@11.11.1
2 info using node@v25.8.2
3 silly config load:file:D:\node_modules\npm\npmrc
4 silly config load:file:D:\Project\SOSH\.npmrc
5 silly config load:file:C:\Users\tiago\.npmrc
6 silly config load:file:C:\Users\tiago\AppData\Roaming\npm\etc\npmrc
7 verbose title npm install @sentry/nextjs @vercel/analytics @vercel/speed-insights
8 verbose argv "install" "@sentry/nextjs" "@vercel/analytics" "@vercel/speed-insights" "--cache" "%TEMP%\\npm-cache"
9 verbose logfile logs-max:10 dir:D:\Project\SOSH\%TEMP%\npm-cache\_logs\2026-05-31T17_35_47_538Z-
10 verbose logfile D:\Project\SOSH\%TEMP%\npm-cache\_logs\2026-05-31T17_35_47_538Z-debug-0.log
11 silly logfile done cleaning log files
12 silly packumentCache heap:4496293888 maxSize:1124073472 maxEntrySize:562036736
13 silly idealTree buildDeps
14 silly fetch manifest @sentry/nextjs@*
15 silly packumentCache full:https://registry.npmjs.org/@sentry%2fnextjs cache-miss
16 http fetch GET 200 https://registry.npmjs.org/npm 1175ms
17 http fetch GET 200 https://registry.npmjs.org/@sentry%2fnextjs 467ms (cache miss)
18 silly packumentCache full:https://registry.npmjs.org/@sentry%2fnextjs set size:undefined disposed:false
19 silly fetch manifest next@16.2.4
20 silly packumentCache full:https://registry.npmjs.org/next cache-miss
21 http fetch GET 200 https://registry.npmjs.org/next 622ms (cache miss)
22 silly packumentCache full:https://registry.npmjs.org/next set size:undefined disposed:false
23 silly fetch manifest @opentelemetry/api@^1.1.0
24 silly packumentCache full:https://registry.npmjs.org/@opentelemetry%2fapi cache-miss
25 http fetch GET 200 https://registry.npmjs.org/@opentelemetry%2fapi 75ms (cache miss)
26 silly packumentCache full:https://registry.npmjs.org/@opentelemetry%2fapi set size:undefined disposed:false
27 silly fetch manifest @playwright/test@^1.51.1
28 silly packumentCache full:https://registry.npmjs.org/@playwright%2ftest cache-miss
29 http fetch GET 200 https://registry.npmjs.org/@playwright%2ftest 373ms (cache miss)
30 silly packumentCache full:https://registry.npmjs.org/@playwright%2ftest set size:undefined disposed:false
31 silly fetch manifest babel-plugin-react-compiler@*
32 silly packumentCache full:https://registry.npmjs.org/babel-plugin-react-compiler cache-miss
33 http fetch GET 200 https://registry.npmjs.org/babel-plugin-react-compiler 100ms (cache miss)
34 silly packumentCache full:https://registry.npmjs.org/babel-plugin-react-compiler set size:undefined disposed:false
35 silly fetch manifest react@19.2.4
36 silly packumentCache full:https://registry.npmjs.org/react cache-miss
37 http fetch GET 200 https://registry.npmjs.org/react 234ms (cache miss)
38 silly packumentCache full:https://registry.npmjs.org/react set size:undefined disposed:false
39 silly fetch manifest react-dom@19.2.4
40 silly packumentCache full:https://registry.npmjs.org/react-dom cache-miss
41 http fetch GET 200 https://registry.npmjs.org/react-dom 449ms (cache miss)
42 silly packumentCache full:https://registry.npmjs.org/react-dom set size:undefined disposed:false
43 silly fetch manifest sass@^1.3.0
44 silly packumentCache full:https://registry.npmjs.org/sass cache-miss
45 http fetch GET 200 https://registry.npmjs.org/sass 138ms (cache miss)
46 silly packumentCache full:https://registry.npmjs.org/sass set size:undefined disposed:false
47 silly fetch manifest @vercel/analytics@*
48 silly packumentCache full:https://registry.npmjs.org/@vercel%2fanalytics cache-miss
49 http fetch GET 200 https://registry.npmjs.org/@vercel%2fanalytics 78ms (cache miss)
50 silly packumentCache full:https://registry.npmjs.org/@vercel%2fanalytics set size:undefined disposed:false
51 silly fetch manifest @remix-run/react@^2
52 silly packumentCache full:https://registry.npmjs.org/@remix-run%2freact cache-miss
53 http fetch GET 200 https://registry.npmjs.org/@remix-run%2freact 626ms (cache miss)
54 silly packumentCache full:https://registry.npmjs.org/@remix-run%2freact set size:undefined disposed:false
55 silly fetch manifest react@^18.0.0
56 silly packumentCache full:https://registry.npmjs.org/react cache-miss
57 http cache https://registry.npmjs.org/react 43ms (cache hit)
58 silly packumentCache full:https://registry.npmjs.org/react set size:6668742 disposed:false
59 silly fetch manifest react-dom@^18.0.0
60 silly packumentCache full:https://registry.npmjs.org/react-dom cache-miss
61 http cache https://registry.npmjs.org/react-dom 23ms (cache hit)
62 silly packumentCache full:https://registry.npmjs.org/react-dom set size:8898222 disposed:false
63 silly fetch manifest typescript@^5
64 silly packumentCache full:https://registry.npmjs.org/typescript cache-miss
65 http fetch GET 200 https://registry.npmjs.org/typescript 367ms (cache miss)
66 silly packumentCache full:https://registry.npmjs.org/typescript set size:undefined disposed:false
67 silly fetch manifest @sveltejs/kit@^1 || ^2
68 silly packumentCache full:https://registry.npmjs.org/@sveltejs%2fkit cache-miss
69 http fetch GET 200 https://registry.npmjs.org/@sveltejs%2fkit 602ms (cache miss)
70 silly packumentCache full:https://registry.npmjs.org/@sveltejs%2fkit set size:undefined disposed:false
71 silly fetch manifest @opentelemetry/api@^1.0.0
72 silly packumentCache full:https://registry.npmjs.org/@opentelemetry%2fapi cache-miss
73 http cache https://registry.npmjs.org/@opentelemetry%2fapi 8ms (cache hit)
74 silly packumentCache full:https://registry.npmjs.org/@opentelemetry%2fapi set size:272967 disposed:false
75 silly fetch manifest @sveltejs/vite-plugin-svelte@^3.0.0 || ^4.0.0-next.1 || ^5.0.0 || ^6.0.0-next.0 || ^7.0.0
76 silly packumentCache full:https://registry.npmjs.org/@sveltejs%2fvite-plugin-svelte cache-miss
77 http fetch GET 200 https://registry.npmjs.org/@sveltejs%2fvite-plugin-svelte 461ms (cache miss)
78 silly packumentCache full:https://registry.npmjs.org/@sveltejs%2fvite-plugin-svelte set size:undefined disposed:false
79 silly fetch manifest svelte@^5.46.4
80 silly packumentCache full:https://registry.npmjs.org/svelte cache-miss
81 http fetch GET 200 https://registry.npmjs.org/svelte 338ms (cache miss)
82 silly packumentCache full:https://registry.npmjs.org/svelte set size:undefined disposed:false
83 silly fetch manifest vite@^8.0.0-beta.7 || ^8.0.0
84 silly packumentCache full:https://registry.npmjs.org/vite cache-miss
85 http fetch GET 200 https://registry.npmjs.org/vite 1975ms (cache miss)
86 silly packumentCache full:https://registry.npmjs.org/vite set size:undefined disposed:false
87 silly fetch manifest @types/node@^20.19.39
88 silly packumentCache full:https://registry.npmjs.org/@types%2fnode cache-miss
89 http fetch GET 200 https://registry.npmjs.org/@types%2fnode 394ms (cache miss)
90 silly packumentCache full:https://registry.npmjs.org/@types%2fnode set size:undefined disposed:false
91 silly fetch manifest @vitejs/devtools@^0.1.18
92 silly packumentCache full:https://registry.npmjs.org/@vitejs%2fdevtools cache-miss
93 http fetch GET 200 https://registry.npmjs.org/@vitejs%2fdevtools 173ms (cache miss)
94 silly packumentCache full:https://registry.npmjs.org/@vitejs%2fdevtools set size:undefined disposed:false
95 silly fetch manifest esbuild@^0.27.0 || ^0.28.0
96 silly packumentCache full:https://registry.npmjs.org/esbuild cache-miss
97 http fetch GET 200 https://registry.npmjs.org/esbuild 239ms (cache miss)
98 silly packumentCache full:https://registry.npmjs.org/esbuild set size:undefined disposed:false
99 silly fetch manifest jiti@>=1.21.0
100 silly packumentCache full:https://registry.npmjs.org/jiti cache-miss
101 http fetch GET 200 https://registry.npmjs.org/jiti 57ms (cache miss)
102 silly packumentCache full:https://registry.npmjs.org/jiti set size:undefined disposed:false
103 silly fetch manifest less@^4.0.0
104 silly packumentCache full:https://registry.npmjs.org/less cache-miss
105 http fetch GET 200 https://registry.npmjs.org/less 63ms (cache miss)
106 silly packumentCache full:https://registry.npmjs.org/less set size:undefined disposed:false
107 silly fetch manifest sass@^1.70.0
108 silly packumentCache full:https://registry.npmjs.org/sass cache-miss
109 http cache https://registry.npmjs.org/sass 10ms (cache hit)
110 silly packumentCache full:https://registry.npmjs.org/sass set size:728345 disposed:false
111 silly fetch manifest sass-embedded@^1.70.0
112 silly packumentCache full:https://registry.npmjs.org/sass-embedded cache-miss
113 http fetch GET 200 https://registry.npmjs.org/sass-embedded 65ms (cache miss)
114 silly packumentCache full:https://registry.npmjs.org/sass-embedded set size:undefined disposed:false
115 silly fetch manifest stylus@>=0.54.8
116 silly packumentCache full:https://registry.npmjs.org/stylus cache-miss
117 http fetch GET 200 https://registry.npmjs.org/stylus 141ms (cache miss)
118 silly packumentCache full:https://registry.npmjs.org/stylus set size:undefined disposed:false
119 silly fetch manifest sugarss@^5.0.0
120 silly packumentCache full:https://registry.npmjs.org/sugarss cache-miss
121 http fetch GET 200 https://registry.npmjs.org/sugarss 75ms (cache miss)
122 silly packumentCache full:https://registry.npmjs.org/sugarss set size:undefined disposed:false
123 silly fetch manifest postcss@^8.3.3
124 silly packumentCache full:https://registry.npmjs.org/postcss cache-miss
125 http fetch GET 200 https://registry.npmjs.org/postcss 134ms (cache miss)
126 silly packumentCache full:https://registry.npmjs.org/postcss set size:undefined disposed:false
127 silly fetch manifest terser@^5.16.0
128 silly packumentCache full:https://registry.npmjs.org/terser cache-miss
129 http fetch GET 200 https://registry.npmjs.org/terser 252ms (cache miss)
130 silly packumentCache full:https://registry.npmjs.org/terser set size:undefined disposed:false
131 silly fetch manifest tsx@^4.21.0
132 silly packumentCache full:https://registry.npmjs.org/tsx cache-miss
133 http fetch GET 200 https://registry.npmjs.org/tsx 107ms (cache miss)
134 silly packumentCache full:https://registry.npmjs.org/tsx set size:undefined disposed:false
135 silly fetch manifest yaml@^2.4.2
136 silly packumentCache full:https://registry.npmjs.org/yaml cache-miss
137 http fetch GET 200 https://registry.npmjs.org/yaml 57ms (cache miss)
138 silly packumentCache full:https://registry.npmjs.org/yaml set size:undefined disposed:false
139 silly fetch manifest nuxt@>= 3
140 silly packumentCache full:https://registry.npmjs.org/nuxt cache-miss
141 http fetch GET 200 https://registry.npmjs.org/nuxt 121ms (cache miss)
142 silly packumentCache full:https://registry.npmjs.org/nuxt set size:undefined disposed:false
143 silly fetch manifest @parcel/watcher@^2.1.0
144 silly packumentCache full:https://registry.npmjs.org/@parcel%2fwatcher cache-miss
145 http fetch GET 200 https://registry.npmjs.org/@parcel%2fwatcher 117ms (cache miss)
146 silly packumentCache full:https://registry.npmjs.org/@parcel%2fwatcher set size:undefined disposed:false
147 silly fetch manifest vue@^3
148 silly packumentCache full:https://registry.npmjs.org/vue cache-miss
149 http fetch GET 200 https://registry.npmjs.org/vue 109ms (cache miss)
150 silly packumentCache full:https://registry.npmjs.org/vue set size:undefined disposed:false
151 silly fetch manifest vue-router@^4
152 silly packumentCache full:https://registry.npmjs.org/vue-router cache-miss
153 http fetch GET 200 https://registry.npmjs.org/vue-router 265ms (cache miss)
154 silly packumentCache full:https://registry.npmjs.org/vue-router set size:undefined disposed:false
155 silly fetch manifest @vercel/speed-insights@*
156 silly packumentCache full:https://registry.npmjs.org/@vercel%2fspeed-insights cache-miss
157 http fetch GET 200 https://registry.npmjs.org/@vercel%2fspeed-insights 240ms (cache miss)
158 silly packumentCache full:https://registry.npmjs.org/@vercel%2fspeed-insights set size:undefined disposed:false
159 silly placeDep ROOT @sentry/nextjs@10.55.0 OK for: sosh@0.1.0 want: *
160 silly placeDep ROOT @vercel/analytics@2.0.1 OK for: sosh@0.1.0 want: *
161 silly placeDep ROOT @vercel/speed-insights@2.0.0 OK for: sosh@0.1.0 want: *
162 silly fetch manifest @opentelemetry/api@^1.9.1
163 silly packumentCache full:https://registry.npmjs.org/@opentelemetry%2fapi cache-hit
164 silly fetch manifest @opentelemetry/semantic-conventions@^1.40.0
165 silly packumentCache full:https://registry.npmjs.org/@opentelemetry%2fsemantic-conventions cache-miss
166 silly fetch manifest @rollup/plugin-commonjs@28.0.1
167 silly packumentCache full:https://registry.npmjs.org/@rollup%2fplugin-commonjs cache-miss
168 silly fetch manifest @sentry-internal/browser-utils@10.55.0
169 silly packumentCache full:https://registry.npmjs.org/@sentry-internal%2fbrowser-utils cache-miss
170 silly fetch manifest @sentry/bundler-plugin-core@^5.3.0
171 silly packumentCache full:https://registry.npmjs.org/@sentry%2fbundler-plugin-core cache-miss
172 silly fetch manifest @sentry/core@10.55.0
173 silly packumentCache full:https://registry.npmjs.org/@sentry%2fcore cache-miss
174 silly fetch manifest @sentry/node@10.55.0
175 silly packumentCache full:https://registry.npmjs.org/@sentry%2fnode cache-miss
176 silly fetch manifest @sentry/opentelemetry@10.55.0
177 silly packumentCache full:https://registry.npmjs.org/@sentry%2fopentelemetry cache-miss
178 http fetch GET 200 https://registry.npmjs.org/@opentelemetry%2fsemantic-conventions 121ms (cache miss)
179 silly packumentCache full:https://registry.npmjs.org/@opentelemetry%2fsemantic-conventions set size:undefined disposed:false
180 silly fetch manifest @sentry/react@10.55.0
181 silly packumentCache full:https://registry.npmjs.org/@sentry%2freact cache-miss
182 http fetch GET 200 https://registry.npmjs.org/@sentry%2fopentelemetry 241ms (cache miss)
183 silly packumentCache full:https://registry.npmjs.org/@sentry%2fopentelemetry set size:undefined disposed:false
184 silly fetch manifest @sentry/vercel-edge@10.55.0
185 silly packumentCache full:https://registry.npmjs.org/@sentry%2fvercel-edge cache-miss
186 http fetch GET 200 https://registry.npmjs.org/@sentry%2fnode 319ms (cache miss)
187 silly packumentCache full:https://registry.npmjs.org/@sentry%2fnode set size:undefined disposed:false
188 silly fetch manifest @sentry/webpack-plugin@^5.3.0
189 silly packumentCache full:https://registry.npmjs.org/@sentry%2fwebpack-plugin cache-miss
190 http fetch GET 200 https://registry.npmjs.org/@sentry%2fcore 351ms (cache miss)
191 silly packumentCache full:https://registry.npmjs.org/@sentry%2fcore set size:undefined disposed:false
192 silly fetch manifest rollup@^4.60.3
193 silly packumentCache full:https://registry.npmjs.org/rollup cache-miss
194 http fetch GET 200 https://registry.npmjs.org/@rollup%2fplugin-commonjs 496ms (cache miss)
195 silly packumentCache full:https://registry.npmjs.org/@rollup%2fplugin-commonjs set size:undefined disposed:false
196 silly fetch manifest stacktrace-parser@^0.1.11
197 silly packumentCache full:https://registry.npmjs.org/stacktrace-parser cache-miss
198 http fetch GET 200 https://registry.npmjs.org/@sentry%2fbundler-plugin-core 558ms (cache miss)
199 silly packumentCache full:https://registry.npmjs.org/@sentry%2fbundler-plugin-core set size:undefined disposed:false
200 http fetch GET 200 https://registry.npmjs.org/rollup 204ms (cache miss)
201 silly packumentCache full:https://registry.npmjs.org/rollup set size:undefined disposed:false
202 http fetch GET 200 https://registry.npmjs.org/@sentry-internal%2fbrowser-utils 639ms (cache miss)
203 silly packumentCache full:https://registry.npmjs.org/@sentry-internal%2fbrowser-utils set size:undefined disposed:false
204 http fetch GET 200 https://registry.npmjs.org/@sentry%2freact 562ms (cache miss)
205 silly packumentCache full:https://registry.npmjs.org/@sentry%2freact set size:undefined disposed:false
206 http fetch GET 200 https://registry.npmjs.org/@sentry%2fvercel-edge 478ms (cache miss)
207 silly packumentCache full:https://registry.npmjs.org/@sentry%2fvercel-edge set size:undefined disposed:false
208 http fetch GET 200 https://registry.npmjs.org/stacktrace-parser 242ms (cache miss)
209 silly packumentCache full:https://registry.npmjs.org/stacktrace-parser set size:undefined disposed:false
210 http fetch GET 200 https://registry.npmjs.org/@sentry%2fwebpack-plugin 511ms (cache miss)
211 silly packumentCache full:https://registry.npmjs.org/@sentry%2fwebpack-plugin set size:undefined disposed:false
212 silly fetch manifest @opentelemetry/core@^1.30.1 || ^2.1.0
213 silly packumentCache full:https://registry.npmjs.org/@opentelemetry%2fcore cache-miss
214 http fetch GET 200 https://registry.npmjs.org/@opentelemetry%2fcore 125ms (cache miss)
215 silly packumentCache full:https://registry.npmjs.org/@opentelemetry%2fcore set size:undefined disposed:false
216 silly fetch manifest @opentelemetry/sdk-trace-base@^1.30.1 || ^2.1.0
217 silly packumentCache full:https://registry.npmjs.org/@opentelemetry%2fsdk-trace-base cache-miss
218 http fetch GET 200 https://registry.npmjs.org/@opentelemetry%2fsdk-trace-base 279ms (cache miss)
219 silly packumentCache full:https://registry.npmjs.org/@opentelemetry%2fsdk-trace-base set size:undefined disposed:false
220 silly fetch manifest react@^16.14.0 || 17.x || 18.x || 19.x
221 silly packumentCache full:https://registry.npmjs.org/react cache-miss
222 http cache https://registry.npmjs.org/react 49ms (cache hit)
223 silly packumentCache full:https://registry.npmjs.org/react set size:6668742 disposed:false
224 silly fetch manifest webpack@>=5.0.0
225 silly packumentCache full:https://registry.npmjs.org/webpack cache-miss
226 http fetch GET 200 https://registry.npmjs.org/webpack 181ms (cache miss)
227 silly packumentCache full:https://registry.npmjs.org/webpack set size:undefined disposed:false
228 silly placeDep ROOT @opentelemetry/api@1.9.1 OK for: @sentry/nextjs@10.55.0 want: ^1.9.1
229 silly placeDep ROOT @opentelemetry/semantic-conventions@1.41.1 OK for: @sentry/nextjs@10.55.0 want: ^1.40.0
230 silly placeDep ROOT @rollup/plugin-commonjs@28.0.1 OK for: @sentry/nextjs@10.55.0 want: 28.0.1
231 silly placeDep ROOT @sentry-internal/browser-utils@10.55.0 OK for: @sentry/nextjs@10.55.0 want: 10.55.0
232 silly placeDep ROOT @sentry/bundler-plugin-core@5.3.0 OK for: @sentry/nextjs@10.55.0 want: ^5.3.0
233 silly placeDep ROOT @sentry/core@10.55.0 OK for: @sentry/nextjs@10.55.0 want: 10.55.0
234 silly placeDep ROOT @sentry/node@10.55.0 OK for: @sentry/nextjs@10.55.0 want: 10.55.0
235 silly placeDep ROOT @sentry/opentelemetry@10.55.0 OK for: @sentry/nextjs@10.55.0 want: 10.55.0
236 silly placeDep ROOT @opentelemetry/core@2.7.1 OK for: @sentry/opentelemetry@10.55.0 want: ^1.30.1 || ^2.1.0
237 silly placeDep ROOT @opentelemetry/sdk-trace-base@2.7.1 OK for: @sentry/opentelemetry@10.55.0 want: ^1.30.1 || ^2.1.0
238 silly placeDep ROOT @sentry/react@10.55.0 OK for: @sentry/nextjs@10.55.0 want: 10.55.0
239 silly placeDep ROOT @sentry/vercel-edge@10.55.0 OK for: @sentry/nextjs@10.55.0 want: 10.55.0
240 silly placeDep ROOT @sentry/webpack-plugin@5.3.0 OK for: @sentry/nextjs@10.55.0 want: ^5.3.0
241 silly placeDep ROOT webpack@5.107.2 OK for: @sentry/webpack-plugin@5.3.0 want: >=5.0.0
242 silly placeDep ROOT rollup@4.60.4 OK for: @sentry/nextjs@10.55.0 want: ^4.60.3
243 silly placeDep ROOT stacktrace-parser@0.1.11 OK for: @sentry/nextjs@10.55.0 want: ^0.1.11
244 silly fetch manifest fdir@^6.2.0
245 silly packumentCache full:https://registry.npmjs.org/fdir cache-miss
246 silly fetch manifest commondir@^1.0.1
247 silly packumentCache full:https://registry.npmjs.org/commondir cache-miss
248 silly fetch manifest picomatch@^4.0.2
249 silly packumentCache full:https://registry.npmjs.org/picomatch cache-miss
250 silly fetch manifest is-reference@1.2.1
251 silly packumentCache full:https://registry.npmjs.org/is-reference cache-miss
252 silly fetch manifest estree-walker@^2.0.2
253 silly packumentCache full:https://registry.npmjs.org/estree-walker cache-miss
254 silly fetch manifest @rollup/pluginutils@^5.0.1
255 silly packumentCache full:https://registry.npmjs.org/@rollup%2fpluginutils cache-miss
256 silly fetch manifest @sentry/babel-plugin-component-annotate@5.3.0
257 silly packumentCache full:https://registry.npmjs.org/@sentry%2fbabel-plugin-component-annotate cache-miss
258 http fetch GET 200 https://registry.npmjs.org/commondir 53ms (cache miss)
259 silly packumentCache full:https://registry.npmjs.org/commondir set size:undefined disposed:false
260 silly fetch manifest @sentry/cli@^2.58.5
261 silly packumentCache full:https://registry.npmjs.org/@sentry%2fcli cache-miss
262 http fetch GET 200 https://registry.npmjs.org/estree-walker 53ms (cache miss)
263 silly packumentCache full:https://registry.npmjs.org/estree-walker set size:undefined disposed:false
264 silly fetch manifest dotenv@^16.3.1
265 silly packumentCache full:https://registry.npmjs.org/dotenv cache-miss
266 http fetch GET 200 https://registry.npmjs.org/fdir 72ms (cache miss)
267 silly packumentCache full:https://registry.npmjs.org/fdir set size:undefined disposed:false
268 silly fetch manifest glob@^13.0.6
269 silly packumentCache full:https://registry.npmjs.org/glob cache-miss
270 http fetch GET 200 https://registry.npmjs.org/picomatch 77ms (cache miss)
271 silly packumentCache full:https://registry.npmjs.org/picomatch set size:undefined disposed:false
272 silly fetch manifest @opentelemetry/core@^2.6.1
273 silly packumentCache full:https://registry.npmjs.org/@opentelemetry%2fcore cache-miss
274 http cache https://registry.npmjs.org/@opentelemetry%2fcore 6ms (cache hit)
275 silly packumentCache full:https://registry.npmjs.org/@opentelemetry%2fcore set size:820532 disposed:false
276 silly fetch manifest @opentelemetry/instrumentation@^0.214.0
277 silly packumentCache full:https://registry.npmjs.org/@opentelemetry%2finstrumentation cache-miss
278 http fetch GET 200 https://registry.npmjs.org/@rollup%2fpluginutils 99ms (cache miss)
279 silly packumentCache full:https://registry.npmjs.org/@rollup%2fpluginutils set size:undefined disposed:false
280 silly fetch manifest @opentelemetry/sdk-trace-base@^2.6.1
281 silly packumentCache full:https://registry.npmjs.org/@opentelemetry%2fsdk-trace-base cache-miss
282 http fetch GET 200 https://registry.npmjs.org/dotenv 52ms (cache miss)
283 silly packumentCache full:https://registry.npmjs.org/dotenv set size:undefined disposed:false
284 silly fetch manifest @sentry/node-core@10.55.0
285 silly packumentCache full:https://registry.npmjs.org/@sentry%2fnode-core cache-miss
286 http cache https://registry.npmjs.org/@opentelemetry%2fsdk-trace-base 11ms (cache hit)
287 silly packumentCache full:https://registry.npmjs.org/@opentelemetry%2fsdk-trace-base set size:328786 disposed:false
288 silly fetch manifest import-in-the-middle@^3.0.0
289 silly packumentCache full:https://registry.npmjs.org/import-in-the-middle cache-miss
290 http fetch GET 200 https://registry.npmjs.org/glob 261ms (cache miss)
291 silly packumentCache full:https://registry.npmjs.org/glob set size:undefined disposed:false
292 silly fetch manifest @opentelemetry/resources@2.7.1
293 silly packumentCache full:https://registry.npmjs.org/@opentelemetry%2fresources cache-miss
294 http fetch GET 200 https://registry.npmjs.org/is-reference 352ms (cache miss)
295 silly packumentCache full:https://registry.npmjs.org/is-reference set size:undefined disposed:false
296 silly fetch manifest @sentry/browser@10.55.0
297 silly packumentCache full:https://registry.npmjs.org/@sentry%2fbrowser cache-miss
298 http fetch GET 200 https://registry.npmjs.org/import-in-the-middle 241ms (cache miss)
299 silly packumentCache full:https://registry.npmjs.org/import-in-the-middle set size:undefined disposed:false
300 silly fetch manifest @opentelemetry/resources@^2.6.1
301 silly packumentCache full:https://registry.npmjs.org/@opentelemetry%2fresources cache-miss
302 http fetch GET 200 https://registry.npmjs.org/@opentelemetry%2finstrumentation 278ms (cache miss)
303 silly packumentCache full:https://registry.npmjs.org/@opentelemetry%2finstrumentation set size:undefined disposed:false
304 silly fetch manifest @webassemblyjs/ast@^1.14.1
305 silly packumentCache full:https://registry.npmjs.org/@webassemblyjs%2fast cache-miss
306 http fetch GET 200 https://registry.npmjs.org/@sentry%2fnode-core 284ms (cache miss)
307 silly packumentCache full:https://registry.npmjs.org/@sentry%2fnode-core set size:undefined disposed:false
308 silly fetch manifest @webassemblyjs/wasm-edit@^1.14.1
309 silly packumentCache full:https://registry.npmjs.org/@webassemblyjs%2fwasm-edit cache-miss
310 http fetch GET 200 https://registry.npmjs.org/@sentry%2fbabel-plugin-component-annotate 472ms (cache miss)
311 silly packumentCache full:https://registry.npmjs.org/@sentry%2fbabel-plugin-component-annotate set size:undefined disposed:false
312 silly fetch manifest @webassemblyjs/wasm-parser@^1.14.1
313 silly packumentCache full:https://registry.npmjs.org/@webassemblyjs%2fwasm-parser cache-miss
314 http fetch GET 200 https://registry.npmjs.org/@opentelemetry%2fresources 144ms (cache miss)
315 silly packumentCache full:https://registry.npmjs.org/@opentelemetry%2fresources set size:undefined disposed:false
316 silly fetch manifest acorn-import-phases@^1.0.3
317 silly packumentCache full:https://registry.npmjs.org/acorn-import-phases cache-miss
318 http fetch GET 200 https://registry.npmjs.org/@opentelemetry%2fresources 141ms (cache miss)
319 silly packumentCache full:https://registry.npmjs.org/@opentelemetry%2fresources set size:undefined disposed:false
320 silly fetch manifest chrome-trace-event@^1.0.2
321 silly packumentCache full:https://registry.npmjs.org/chrome-trace-event cache-miss
322 http fetch GET 200 https://registry.npmjs.org/@webassemblyjs%2fwasm-edit 108ms (cache miss)
323 silly packumentCache full:https://registry.npmjs.org/@webassemblyjs%2fwasm-edit set size:undefined disposed:false
324 silly fetch manifest enhanced-resolve@^5.22.0
325 silly packumentCache full:https://registry.npmjs.org/enhanced-resolve cache-miss
326 http fetch GET 200 https://registry.npmjs.org/@sentry%2fcli 498ms (cache miss)
327 silly packumentCache full:https://registry.npmjs.org/@sentry%2fcli set size:undefined disposed:false
328 silly fetch manifest eslint-scope@5.1.1
329 silly packumentCache full:https://registry.npmjs.org/eslint-scope cache-miss
330 http fetch GET 200 https://registry.npmjs.org/chrome-trace-event 62ms (cache miss)
331 silly packumentCache full:https://registry.npmjs.org/chrome-trace-event set size:undefined disposed:false
332 silly fetch manifest events@^3.2.0
333 silly packumentCache full:https://registry.npmjs.org/events cache-miss
334 http fetch GET 200 https://registry.npmjs.org/enhanced-resolve 83ms (cache miss)
335 silly packumentCache full:https://registry.npmjs.org/enhanced-resolve set size:undefined disposed:false
336 silly fetch manifest glob-to-regexp@^0.4.1
337 silly packumentCache full:https://registry.npmjs.org/glob-to-regexp cache-miss
338 http fetch GET 200 https://registry.npmjs.org/eslint-scope 52ms (cache miss)
339 silly packumentCache full:https://registry.npmjs.org/eslint-scope set size:undefined disposed:false
340 silly fetch manifest loader-runner@^4.3.2
341 silly packumentCache full:https://registry.npmjs.org/loader-runner cache-miss
342 http fetch GET 200 https://registry.npmjs.org/glob-to-regexp 63ms (cache miss)
343 silly packumentCache full:https://registry.npmjs.org/glob-to-regexp set size:undefined disposed:false
344 silly fetch manifest neo-async@^2.6.2
345 silly packumentCache full:https://registry.npmjs.org/neo-async cache-miss
346 http fetch GET 200 https://registry.npmjs.org/acorn-import-phases 237ms (cache miss)
347 silly packumentCache full:https://registry.npmjs.org/acorn-import-phases set size:undefined disposed:false
348 silly fetch manifest schema-utils@^4.3.3
349 silly packumentCache full:https://registry.npmjs.org/schema-utils cache-miss
350 http fetch GET 200 https://registry.npmjs.org/neo-async 73ms (cache miss)
351 silly packumentCache full:https://registry.npmjs.org/neo-async set size:undefined disposed:false
352 silly fetch manifest terser-webpack-plugin@^5.5.0
353 silly packumentCache full:https://registry.npmjs.org/terser-webpack-plugin cache-miss
354 http fetch GET 200 https://registry.npmjs.org/@webassemblyjs%2fwasm-parser 264ms (cache miss)
355 silly packumentCache full:https://registry.npmjs.org/@webassemblyjs%2fwasm-parser set size:undefined disposed:false
356 silly fetch manifest watchpack@^2.5.1
357 silly packumentCache full:https://registry.npmjs.org/watchpack cache-miss
358 http fetch GET 200 https://registry.npmjs.org/@webassemblyjs%2fast 390ms (cache miss)
359 silly packumentCache full:https://registry.npmjs.org/@webassemblyjs%2fast set size:undefined disposed:false
360 silly fetch manifest webpack-sources@^3.5.0
361 silly packumentCache full:https://registry.npmjs.org/webpack-sources cache-miss
362 http fetch GET 200 https://registry.npmjs.org/schema-utils 52ms (cache miss)
363 silly packumentCache full:https://registry.npmjs.org/schema-utils set size:undefined disposed:false
364 silly fetch manifest @rollup/rollup-darwin-arm64@4.60.4
365 silly packumentCache full:https://registry.npmjs.org/@rollup%2frollup-darwin-arm64 cache-miss
366 http fetch GET 200 https://registry.npmjs.org/events 221ms (cache miss)
367 silly packumentCache full:https://registry.npmjs.org/events set size:undefined disposed:false
368 silly fetch manifest @rollup/rollup-android-arm64@4.60.4
369 silly packumentCache full:https://registry.npmjs.org/@rollup%2frollup-android-arm64 cache-miss
370 http fetch GET 200 https://registry.npmjs.org/loader-runner 205ms (cache miss)
371 silly packumentCache full:https://registry.npmjs.org/loader-runner set size:undefined disposed:false
372 silly fetch manifest @rollup/rollup-win32-arm64-msvc@4.60.4
373 silly packumentCache full:https://registry.npmjs.org/@rollup%2frollup-win32-arm64-msvc cache-miss
374 http fetch GET 200 https://registry.npmjs.org/@rollup%2frollup-darwin-arm64 72ms (cache miss)
375 silly packumentCache full:https://registry.npmjs.org/@rollup%2frollup-darwin-arm64 set size:undefined disposed:false
376 silly fetch manifest @rollup/rollup-freebsd-arm64@4.60.4
377 silly packumentCache full:https://registry.npmjs.org/@rollup%2frollup-freebsd-arm64 cache-miss
378 http fetch GET 200 https://registry.npmjs.org/@rollup%2frollup-win32-arm64-msvc 65ms (cache miss)
379 silly packumentCache full:https://registry.npmjs.org/@rollup%2frollup-win32-arm64-msvc set size:undefined disposed:false
380 silly fetch manifest @rollup/rollup-linux-arm64-gnu@4.60.4
381 silly packumentCache full:https://registry.npmjs.org/@rollup%2frollup-linux-arm64-gnu cache-miss
382 http fetch GET 200 https://registry.npmjs.org/@rollup%2frollup-android-arm64 120ms (cache miss)
383 silly packumentCache full:https://registry.npmjs.org/@rollup%2frollup-android-arm64 set size:undefined disposed:false
384 silly fetch manifest @rollup/rollup-linux-arm64-musl@4.60.4
385 silly packumentCache full:https://registry.npmjs.org/@rollup%2frollup-linux-arm64-musl cache-miss
386 http fetch GET 200 https://registry.npmjs.org/@sentry%2fbrowser 577ms (cache miss)
387 silly packumentCache full:https://registry.npmjs.org/@sentry%2fbrowser set size:undefined disposed:false
388 silly fetch manifest @rollup/rollup-android-arm-eabi@4.60.4
389 silly packumentCache full:https://registry.npmjs.org/@rollup%2frollup-android-arm-eabi cache-miss
390 http fetch GET 200 https://registry.npmjs.org/@rollup%2frollup-freebsd-arm64 90ms (cache miss)
391 silly packumentCache full:https://registry.npmjs.org/@rollup%2frollup-freebsd-arm64 set size:undefined disposed:false
392 silly fetch manifest @rollup/rollup-linux-arm-gnueabihf@4.60.4
393 silly packumentCache full:https://registry.npmjs.org/@rollup%2frollup-linux-arm-gnueabihf cache-miss
394 http fetch GET 200 https://registry.npmjs.org/terser-webpack-plugin 229ms (cache miss)
395 silly packumentCache full:https://registry.npmjs.org/terser-webpack-plugin set size:undefined disposed:false
396 silly fetch manifest @rollup/rollup-linux-arm-musleabihf@4.60.4
397 silly packumentCache full:https://registry.npmjs.org/@rollup%2frollup-linux-arm-musleabihf cache-miss
398 http fetch GET 200 https://registry.npmjs.org/watchpack 230ms (cache miss)
399 silly packumentCache full:https://registry.npmjs.org/watchpack set size:undefined disposed:false
400 silly fetch manifest @rollup/rollup-win32-ia32-msvc@4.60.4
401 silly packumentCache full:https://registry.npmjs.org/@rollup%2frollup-win32-ia32-msvc cache-miss
402 http fetch GET 200 https://registry.npmjs.org/@rollup%2frollup-linux-arm64-gnu 98ms (cache miss)
403 silly packumentCache full:https://registry.npmjs.org/@rollup%2frollup-linux-arm64-gnu set size:undefined disposed:false
404 silly fetch manifest @rollup/rollup-linux-loong64-gnu@4.60.4
405 silly packumentCache full:https://registry.npmjs.org/@rollup%2frollup-linux-loong64-gnu cache-miss
406 http fetch GET 200 https://registry.npmjs.org/webpack-sources 223ms (cache miss)
407 silly packumentCache full:https://registry.npmjs.org/webpack-sources set size:undefined disposed:false
408 silly fetch manifest @rollup/rollup-linux-loong64-musl@4.60.4
409 silly packumentCache full:https://registry.npmjs.org/@rollup%2frollup-linux-loong64-musl cache-miss
410 http fetch GET 200 https://registry.npmjs.org/@rollup%2frollup-linux-arm64-musl 113ms (cache miss)
411 silly packumentCache full:https://registry.npmjs.org/@rollup%2frollup-linux-arm64-musl set size:undefined disposed:false
412 silly fetch manifest @rollup/rollup-linux-riscv64-gnu@4.60.4
413 silly packumentCache full:https://registry.npmjs.org/@rollup%2frollup-linux-riscv64-gnu cache-miss
414 http fetch GET 200 https://registry.npmjs.org/@rollup%2frollup-android-arm-eabi 87ms (cache miss)
415 silly packumentCache full:https://registry.npmjs.org/@rollup%2frollup-android-arm-eabi set size:undefined disposed:false
416 silly fetch manifest @rollup/rollup-linux-riscv64-musl@4.60.4
417 silly packumentCache full:https://registry.npmjs.org/@rollup%2frollup-linux-riscv64-musl cache-miss
418 http fetch GET 200 https://registry.npmjs.org/@rollup%2frollup-linux-arm-musleabihf 74ms (cache miss)
419 silly packumentCache full:https://registry.npmjs.org/@rollup%2frollup-linux-arm-musleabihf set size:undefined disposed:false
420 silly fetch manifest @rollup/rollup-linux-ppc64-gnu@4.60.4
421 silly packumentCache full:https://registry.npmjs.org/@rollup%2frollup-linux-ppc64-gnu cache-miss
422 http fetch GET 200 https://registry.npmjs.org/@rollup%2frollup-linux-loong64-musl 64ms (cache miss)
423 silly packumentCache full:https://registry.npmjs.org/@rollup%2frollup-linux-loong64-musl set size:undefined disposed:false
424 silly fetch manifest @rollup/rollup-linux-ppc64-musl@4.60.4
425 silly packumentCache full:https://registry.npmjs.org/@rollup%2frollup-linux-ppc64-musl cache-miss
426 http fetch GET 200 https://registry.npmjs.org/@rollup%2frollup-win32-ia32-msvc 87ms (cache miss)
427 silly packumentCache full:https://registry.npmjs.org/@rollup%2frollup-win32-ia32-msvc set size:undefined disposed:false
428 silly fetch manifest @rollup/rollup-linux-s390x-gnu@4.60.4
429 silly packumentCache full:https://registry.npmjs.org/@rollup%2frollup-linux-s390x-gnu cache-miss
430 http fetch GET 200 https://registry.npmjs.org/@rollup%2frollup-linux-ppc64-gnu 57ms (cache miss)
431 silly packumentCache full:https://registry.npmjs.org/@rollup%2frollup-linux-ppc64-gnu set size:undefined disposed:false
432 silly fetch manifest @rollup/rollup-darwin-x64@4.60.4
433 silly packumentCache full:https://registry.npmjs.org/@rollup%2frollup-darwin-x64 cache-miss
434 http fetch GET 200 https://registry.npmjs.org/@rollup%2frollup-linux-riscv64-gnu 89ms (cache miss)
435 silly packumentCache full:https://registry.npmjs.org/@rollup%2frollup-linux-riscv64-gnu set size:undefined disposed:false
436 silly fetch manifest @rollup/rollup-win32-x64-gnu@4.60.4
437 silly packumentCache full:https://registry.npmjs.org/@rollup%2frollup-win32-x64-gnu cache-miss
438 http fetch GET 200 https://registry.npmjs.org/@rollup%2frollup-linux-s390x-gnu 75ms (cache miss)
439 silly packumentCache full:https://registry.npmjs.org/@rollup%2frollup-linux-s390x-gnu set size:undefined disposed:false
440 silly fetch manifest @rollup/rollup-win32-x64-msvc@4.60.4
441 silly packumentCache full:https://registry.npmjs.org/@rollup%2frollup-win32-x64-msvc cache-miss
442 http fetch GET 200 https://registry.npmjs.org/@rollup%2frollup-linux-riscv64-musl 106ms (cache miss)
443 silly packumentCache full:https://registry.npmjs.org/@rollup%2frollup-linux-riscv64-musl set size:undefined disposed:false
444 silly fetch manifest @rollup/rollup-freebsd-x64@4.60.4
445 silly packumentCache full:https://registry.npmjs.org/@rollup%2frollup-freebsd-x64 cache-miss
446 http fetch GET 200 https://registry.npmjs.org/@rollup%2frollup-linux-ppc64-musl 88ms (cache miss)
447 silly packumentCache full:https://registry.npmjs.org/@rollup%2frollup-linux-ppc64-musl set size:undefined disposed:false
448 silly fetch manifest @rollup/rollup-linux-x64-gnu@4.60.4
449 silly packumentCache full:https://registry.npmjs.org/@rollup%2frollup-linux-x64-gnu cache-miss
450 http fetch GET 200 https://registry.npmjs.org/@rollup%2frollup-darwin-x64 68ms (cache miss)
451 silly packumentCache full:https://registry.npmjs.org/@rollup%2frollup-darwin-x64 set size:undefined disposed:false
452 silly fetch manifest @rollup/rollup-linux-x64-musl@4.60.4
453 silly packumentCache full:https://registry.npmjs.org/@rollup%2frollup-linux-x64-musl cache-miss
454 http fetch GET 200 https://registry.npmjs.org/@rollup%2frollup-linux-arm-gnueabihf 243ms (cache miss)
455 silly packumentCache full:https://registry.npmjs.org/@rollup%2frollup-linux-arm-gnueabihf set size:undefined disposed:false
456 silly fetch manifest @rollup/rollup-openbsd-x64@4.60.4
457 silly packumentCache full:https://registry.npmjs.org/@rollup%2frollup-openbsd-x64 cache-miss
458 http fetch GET 200 https://registry.npmjs.org/@rollup%2frollup-linux-loong64-gnu 221ms (cache miss)
459 silly packumentCache full:https://registry.npmjs.org/@rollup%2frollup-linux-loong64-gnu set size:undefined disposed:false
460 silly fetch manifest @rollup/rollup-openharmony-arm64@4.60.4
461 silly packumentCache full:https://registry.npmjs.org/@rollup%2frollup-openharmony-arm64 cache-miss
462 http fetch GET 200 https://registry.npmjs.org/@rollup%2frollup-win32-x64-gnu 120ms (cache miss)
463 silly packumentCache full:https://registry.npmjs.org/@rollup%2frollup-win32-x64-gnu set size:undefined disposed:false
464 silly fetch manifest type-fest@^0.7.1
465 silly packumentCache full:https://registry.npmjs.org/type-fest cache-miss
466 http fetch GET 200 https://registry.npmjs.org/@rollup%2frollup-linux-x64-gnu 98ms (cache miss)
467 silly packumentCache full:https://registry.npmjs.org/@rollup%2frollup-linux-x64-gnu set size:undefined disposed:false
468 http fetch GET 200 https://registry.npmjs.org/@rollup%2frollup-linux-x64-musl 92ms (cache miss)
469 silly packumentCache full:https://registry.npmjs.org/@rollup%2frollup-linux-x64-musl set size:undefined disposed:false
470 http fetch GET 200 https://registry.npmjs.org/@rollup%2frollup-freebsd-x64 131ms (cache miss)
471 silly packumentCache full:https://registry.npmjs.org/@rollup%2frollup-freebsd-x64 set size:undefined disposed:false
472 http fetch GET 200 https://registry.npmjs.org/@rollup%2frollup-openbsd-x64 77ms (cache miss)
473 silly packumentCache full:https://registry.npmjs.org/@rollup%2frollup-openbsd-x64 set size:undefined disposed:false
474 http fetch GET 200 https://registry.npmjs.org/@rollup%2frollup-win32-x64-msvc 139ms (cache miss)
475 silly packumentCache full:https://registry.npmjs.org/@rollup%2frollup-win32-x64-msvc set size:undefined disposed:false
476 http fetch GET 200 https://registry.npmjs.org/@rollup%2frollup-openharmony-arm64 75ms (cache miss)
477 silly packumentCache full:https://registry.npmjs.org/@rollup%2frollup-openharmony-arm64 set size:undefined disposed:false
478 http fetch GET 200 https://registry.npmjs.org/type-fest 93ms (cache miss)
479 silly packumentCache full:https://registry.npmjs.org/type-fest set size:undefined disposed:false
480 silly fetch manifest @opentelemetry/api@>=1.3.0 <1.10.0
481 silly packumentCache full:https://registry.npmjs.org/@opentelemetry%2fapi cache-hit
482 silly placeDep ROOT @opentelemetry/resources@2.7.1 OK for: @opentelemetry/sdk-trace-base@2.7.1 want: 2.7.1
483 silly fetch manifest rollup@^2.68.0||^3.0.0||^4.0.0
484 silly packumentCache full:https://registry.npmjs.org/rollup cache-miss
485 http cache https://registry.npmjs.org/rollup 23ms (cache hit)
486 silly packumentCache full:https://registry.npmjs.org/rollup set size:6193699 disposed:false
487 silly placeDep ROOT @rollup/pluginutils@5.4.0 OK for: @rollup/plugin-commonjs@28.0.1 want: ^5.0.1
488 silly placeDep ROOT commondir@1.0.1 OK for: @rollup/plugin-commonjs@28.0.1 want: ^1.0.1
489 silly placeDep node_modules/@rollup/plugin-commonjs estree-walker@2.0.2 OK for: @rollup/plugin-commonjs@28.0.1 want: ^2.0.2
490 silly placeDep node_modules/@rollup/plugin-commonjs fdir@6.5.0 OK for: @rollup/plugin-commonjs@28.0.1 want: ^6.2.0
491 silly placeDep node_modules/@rollup/plugin-commonjs picomatch@4.0.4 OK for: fdir@6.5.0 want: ^3 || ^4
492 silly placeDep ROOT is-reference@1.2.1 OK for: @rollup/plugin-commonjs@28.0.1 want: 1.2.1
493 silly placeDep node_modules/@rollup/pluginutils estree-walker@2.0.2 OK for: @rollup/pluginutils@5.4.0 want: ^2.0.2
494 silly placeDep node_modules/@rollup/pluginutils picomatch@4.0.4 OK for: @rollup/pluginutils@5.4.0 want: ^4.0.2
495 silly placeDep ROOT @sentry/babel-plugin-component-annotate@5.3.0 OK for: @sentry/bundler-plugin-core@5.3.0 want: 5.3.0
496 silly placeDep ROOT @sentry/cli@2.58.6 OK for: @sentry/bundler-plugin-core@5.3.0 want: ^2.58.5
497 silly placeDep node_modules/@sentry/bundler-plugin-core dotenv@16.6.1 OK for: @sentry/bundler-plugin-core@5.3.0 want: ^16.3.1
498 silly placeDep ROOT glob@13.0.6 OK for: @sentry/bundler-plugin-core@5.3.0 want: ^13.0.6
499 silly fetch manifest progress@^2.0.3
500 silly packumentCache full:https://registry.npmjs.org/progress cache-miss
501 silly fetch manifest node-fetch@^2.6.7
502 silly packumentCache full:https://registry.npmjs.org/node-fetch cache-miss
503 silly fetch manifest proxy-from-env@^1.1.0
504 silly packumentCache full:https://registry.npmjs.org/proxy-from-env cache-miss
505 silly fetch manifest https-proxy-agent@^5.0.0
506 silly packumentCache full:https://registry.npmjs.org/https-proxy-agent cache-miss
507 silly fetch manifest @sentry/cli-darwin@2.58.6
508 silly packumentCache full:https://registry.npmjs.org/@sentry%2fcli-darwin cache-miss
509 silly fetch manifest @sentry/cli-linux-arm@2.58.6
510 silly packumentCache full:https://registry.npmjs.org/@sentry%2fcli-linux-arm cache-miss
511 silly fetch manifest @sentry/cli-linux-x64@2.58.6
512 silly packumentCache full:https://registry.npmjs.org/@sentry%2fcli-linux-x64 cache-miss
513 http fetch GET 200 https://registry.npmjs.org/https-proxy-agent 44ms (cache miss)
514 silly packumentCache full:https://registry.npmjs.org/https-proxy-agent set size:undefined disposed:false
515 silly fetch manifest @sentry/cli-win32-x64@2.58.6
516 silly packumentCache full:https://registry.npmjs.org/@sentry%2fcli-win32-x64 cache-miss
517 http fetch GET 200 https://registry.npmjs.org/node-fetch 84ms (cache miss)
518 silly packumentCache full:https://registry.npmjs.org/node-fetch set size:undefined disposed:false
519 silly fetch manifest @sentry/cli-linux-i686@2.58.6
520 silly packumentCache full:https://registry.npmjs.org/@sentry%2fcli-linux-i686 cache-miss
521 http fetch GET 200 https://registry.npmjs.org/proxy-from-env 119ms (cache miss)
522 silly packumentCache full:https://registry.npmjs.org/proxy-from-env set size:undefined disposed:false
523 silly fetch manifest @sentry/cli-win32-i686@2.58.6
524 silly packumentCache full:https://registry.npmjs.org/@sentry%2fcli-win32-i686 cache-miss
525 http fetch GET 200 https://registry.npmjs.org/progress 216ms (cache miss)
526 silly packumentCache full:https://registry.npmjs.org/progress set size:undefined disposed:false
527 silly fetch manifest @sentry/cli-linux-arm64@2.58.6
528 silly packumentCache full:https://registry.npmjs.org/@sentry%2fcli-linux-arm64 cache-miss
529 http fetch GET 200 https://registry.npmjs.org/@sentry%2fcli-darwin 452ms (cache miss)
530 silly packumentCache full:https://registry.npmjs.org/@sentry%2fcli-darwin set size:undefined disposed:false
531 silly fetch manifest @sentry/cli-win32-arm64@2.58.6
532 silly packumentCache full:https://registry.npmjs.org/@sentry%2fcli-win32-arm64 cache-miss
533 http fetch GET 200 https://registry.npmjs.org/@sentry%2fcli-win32-x64 430ms (cache miss)
534 silly packumentCache full:https://registry.npmjs.org/@sentry%2fcli-win32-x64 set size:undefined disposed:false
535 silly fetch manifest minimatch@^10.2.2
536 silly packumentCache full:https://registry.npmjs.org/minimatch cache-miss
537 http fetch GET 200 https://registry.npmjs.org/@sentry%2fcli-linux-arm 487ms (cache miss)
538 silly packumentCache full:https://registry.npmjs.org/@sentry%2fcli-linux-arm set size:undefined disposed:false
539 silly fetch manifest path-scurry@^2.0.2
540 silly packumentCache full:https://registry.npmjs.org/path-scurry cache-miss
541 http fetch GET 200 https://registry.npmjs.org/@sentry%2fcli-linux-x64 494ms (cache miss)
542 silly packumentCache full:https://registry.npmjs.org/@sentry%2fcli-linux-x64 set size:undefined disposed:false
543 http fetch GET 200 https://registry.npmjs.org/@sentry%2fcli-linux-i686 444ms (cache miss)
544 silly packumentCache full:https://registry.npmjs.org/@sentry%2fcli-linux-i686 set size:undefined disposed:false
545 http fetch GET 200 https://registry.npmjs.org/path-scurry 60ms (cache miss)
546 silly packumentCache full:https://registry.npmjs.org/path-scurry set size:undefined disposed:false
547 http fetch GET 200 https://registry.npmjs.org/minimatch 77ms (cache miss)
548 silly packumentCache full:https://registry.npmjs.org/minimatch set size:undefined disposed:false
549 http fetch GET 200 https://registry.npmjs.org/@sentry%2fcli-win32-i686 533ms (cache miss)
550 silly packumentCache full:https://registry.npmjs.org/@sentry%2fcli-win32-i686 set size:undefined disposed:false
551 http fetch GET 200 https://registry.npmjs.org/@sentry%2fcli-linux-arm64 480ms (cache miss)
552 silly packumentCache full:https://registry.npmjs.org/@sentry%2fcli-linux-arm64 set size:undefined disposed:false
553 http fetch GET 200 https://registry.npmjs.org/@sentry%2fcli-win32-arm64 492ms (cache miss)
554 silly packumentCache full:https://registry.npmjs.org/@sentry%2fcli-win32-arm64 set size:undefined disposed:false
555 silly fetch manifest encoding@^0.1.0
556 silly packumentCache full:https://registry.npmjs.org/encoding cache-miss
557 http fetch GET 200 https://registry.npmjs.org/encoding 93ms (cache miss)
558 silly packumentCache full:https://registry.npmjs.org/encoding set size:undefined disposed:false
559 silly placeDep ROOT @sentry/cli-darwin@2.58.6 OK for: @sentry/cli@2.58.6 want: 2.58.6
560 silly placeDep ROOT @sentry/cli-linux-arm@2.58.6 OK for: @sentry/cli@2.58.6 want: 2.58.6
561 silly placeDep ROOT @sentry/cli-linux-arm64@2.58.6 OK for: @sentry/cli@2.58.6 want: 2.58.6
562 silly placeDep ROOT @sentry/cli-linux-i686@2.58.6 OK for: @sentry/cli@2.58.6 want: 2.58.6
563 silly placeDep ROOT @sentry/cli-linux-x64@2.58.6 OK for: @sentry/cli@2.58.6 want: 2.58.6
564 silly placeDep ROOT @sentry/cli-win32-arm64@2.58.6 OK for: @sentry/cli@2.58.6 want: 2.58.6
565 silly placeDep ROOT @sentry/cli-win32-i686@2.58.6 OK for: @sentry/cli@2.58.6 want: 2.58.6
566 silly placeDep ROOT @sentry/cli-win32-x64@2.58.6 OK for: @sentry/cli@2.58.6 want: 2.58.6
567 silly placeDep node_modules/@sentry/cli https-proxy-agent@5.0.1 OK for: @sentry/cli@2.58.6 want: ^5.0.0
568 silly placeDep node_modules/@sentry/cli node-fetch@2.7.0 OK for: @sentry/cli@2.58.6 want: ^2.6.7
569 silly placeDep ROOT progress@2.0.3 OK for: @sentry/cli@2.58.6 want: ^2.0.3
570 silly placeDep ROOT proxy-from-env@1.1.0 OK for: @sentry/cli@2.58.6 want: ^1.1.0
571 silly fetch manifest agent-base@6
572 silly packumentCache full:https://registry.npmjs.org/agent-base cache-miss
573 silly fetch manifest whatwg-url@^5.0.0
574 silly packumentCache full:https://registry.npmjs.org/whatwg-url cache-miss
575 http fetch GET 200 https://registry.npmjs.org/agent-base 38ms (cache miss)
576 silly packumentCache full:https://registry.npmjs.org/agent-base set size:undefined disposed:false
577 http fetch GET 200 https://registry.npmjs.org/whatwg-url 96ms (cache miss)
578 silly packumentCache full:https://registry.npmjs.org/whatwg-url set size:undefined disposed:false
579 silly fetch manifest @opentelemetry/exporter-trace-otlp-http@>=0.57.0 <1
580 silly packumentCache full:https://registry.npmjs.org/@opentelemetry%2fexporter-trace-otlp-http cache-miss
581 http fetch GET 200 https://registry.npmjs.org/@opentelemetry%2fexporter-trace-otlp-http 95ms (cache miss)
582 silly packumentCache full:https://registry.npmjs.org/@opentelemetry%2fexporter-trace-otlp-http set size:undefined disposed:false
583 silly placeDep ROOT @opentelemetry/instrumentation@0.214.0 OK for: @sentry/node@10.55.0 want: ^0.214.0
584 silly placeDep ROOT @sentry/node-core@10.55.0 OK for: @sentry/node@10.55.0 want: 10.55.0
585 silly placeDep ROOT import-in-the-middle@3.0.1 OK for: @sentry/node@10.55.0 want: ^3.0.0
586 silly fetch manifest require-in-the-middle@^8.0.0
587 silly packumentCache full:https://registry.npmjs.org/require-in-the-middle cache-miss
588 silly fetch manifest @opentelemetry/api-logs@0.214.0
589 silly packumentCache full:https://registry.npmjs.org/@opentelemetry%2fapi-logs cache-miss
590 silly fetch manifest acorn-import-attributes@^1.9.5
591 silly packumentCache full:https://registry.npmjs.org/acorn-import-attributes cache-miss
592 silly fetch manifest cjs-module-lexer@^2.2.0
593 silly packumentCache full:https://registry.npmjs.org/cjs-module-lexer cache-miss
594 silly fetch manifest module-details-from-path@^1.0.4
595 silly packumentCache full:https://registry.npmjs.org/module-details-from-path cache-miss
596 http fetch GET 200 https://registry.npmjs.org/module-details-from-path 40ms (cache miss)
597 silly packumentCache full:https://registry.npmjs.org/module-details-from-path set size:undefined disposed:false
598 http fetch GET 200 https://registry.npmjs.org/acorn-import-attributes 41ms (cache miss)
599 silly packumentCache full:https://registry.npmjs.org/acorn-import-attributes set size:undefined disposed:false
600 http fetch GET 200 https://registry.npmjs.org/@opentelemetry%2fapi-logs 88ms (cache miss)
601 silly packumentCache full:https://registry.npmjs.org/@opentelemetry%2fapi-logs set size:undefined disposed:false
602 http fetch GET 200 https://registry.npmjs.org/require-in-the-middle 108ms (cache miss)
603 silly packumentCache full:https://registry.npmjs.org/require-in-the-middle set size:undefined disposed:false
604 http fetch GET 200 https://registry.npmjs.org/cjs-module-lexer 264ms (cache miss)
605 silly packumentCache full:https://registry.npmjs.org/cjs-module-lexer set size:undefined disposed:false
606 silly placeDep ROOT @opentelemetry/api-logs@0.214.0 OK for: @opentelemetry/instrumentation@0.214.0 want: 0.214.0
607 silly placeDep ROOT require-in-the-middle@8.0.1 OK for: @opentelemetry/instrumentation@0.214.0 want: ^8.0.0
608 silly fetch manifest module-details-from-path@^1.0.3
609 silly packumentCache full:https://registry.npmjs.org/module-details-from-path cache-miss
610 http cache https://registry.npmjs.org/module-details-from-path 5ms (cache hit)
611 silly packumentCache full:https://registry.npmjs.org/module-details-from-path set size:10793 disposed:false
612 silly placeDep ROOT @sentry/browser@10.55.0 OK for: @sentry/react@10.55.0 want: 10.55.0
613 silly fetch manifest @sentry-internal/feedback@10.55.0
614 silly packumentCache full:https://registry.npmjs.org/@sentry-internal%2ffeedback cache-miss
615 silly fetch manifest @sentry-internal/replay@10.55.0
616 silly packumentCache full:https://registry.npmjs.org/@sentry-internal%2freplay cache-miss
617 silly fetch manifest @sentry-internal/replay-canvas@10.55.0
618 silly packumentCache full:https://registry.npmjs.org/@sentry-internal%2freplay-canvas cache-miss
619 http fetch GET 200 https://registry.npmjs.org/@sentry-internal%2freplay 486ms (cache miss)
620 silly packumentCache full:https://registry.npmjs.org/@sentry-internal%2freplay set size:undefined disposed:false
621 http fetch GET 200 https://registry.npmjs.org/@sentry-internal%2freplay-canvas 524ms (cache miss)
622 silly packumentCache full:https://registry.npmjs.org/@sentry-internal%2freplay-canvas set size:undefined disposed:false
623 http fetch GET 200 https://registry.npmjs.org/@sentry-internal%2ffeedback 554ms (cache miss)
624 silly packumentCache full:https://registry.npmjs.org/@sentry-internal%2ffeedback set size:undefined disposed:false
625 silly placeDep ROOT @sentry-internal/feedback@10.55.0 OK for: @sentry/browser@10.55.0 want: 10.55.0
626 silly placeDep ROOT @sentry-internal/replay@10.55.0 OK for: @sentry/browser@10.55.0 want: 10.55.0
627 silly placeDep ROOT @sentry-internal/replay-canvas@10.55.0 OK for: @sentry/browser@10.55.0 want: 10.55.0
628 silly placeDep node_modules/glob minimatch@10.2.5 OK for: glob@13.0.6 want: ^10.2.2
629 silly placeDep ROOT path-scurry@2.0.2 OK for: glob@13.0.6 want: ^2.0.2
630 silly fetch manifest brace-expansion@^5.0.5
631 silly packumentCache full:https://registry.npmjs.org/brace-expansion cache-miss
632 silly fetch manifest lru-cache@^11.0.0
633 silly packumentCache full:https://registry.npmjs.org/lru-cache cache-miss
634 http fetch GET 200 https://registry.npmjs.org/brace-expansion 65ms (cache miss)
635 silly packumentCache full:https://registry.npmjs.org/brace-expansion set size:undefined disposed:false
636 http fetch GET 200 https://registry.npmjs.org/lru-cache 66ms (cache miss)
637 silly packumentCache full:https://registry.npmjs.org/lru-cache set size:undefined disposed:false
638 silly fetch manifest acorn@^8.15.0
639 silly packumentCache full:https://registry.npmjs.org/acorn cache-miss
640 http fetch GET 200 https://registry.npmjs.org/acorn 74ms (cache miss)
641 silly packumentCache full:https://registry.npmjs.org/acorn set size:undefined disposed:false
642 silly placeDep ROOT acorn-import-attributes@1.9.5 OK for: import-in-the-middle@3.0.1 want: ^1.9.5
643 silly placeDep ROOT cjs-module-lexer@2.2.0 OK for: import-in-the-middle@3.0.1 want: ^2.2.0
644 silly placeDep ROOT module-details-from-path@1.0.4 OK for: import-in-the-middle@3.0.1 want: ^1.0.4
645 silly placeDep node_modules/path-scurry lru-cache@11.5.1 OK for: path-scurry@2.0.2 want: ^11.0.0
646 silly placeDep ROOT @rollup/rollup-android-arm-eabi@4.60.4 OK for: rollup@4.60.4 want: 4.60.4
647 silly placeDep ROOT @rollup/rollup-android-arm64@4.60.4 OK for: rollup@4.60.4 want: 4.60.4
648 silly placeDep ROOT @rollup/rollup-darwin-arm64@4.60.4 OK for: rollup@4.60.4 want: 4.60.4
649 silly placeDep ROOT @rollup/rollup-darwin-x64@4.60.4 OK for: rollup@4.60.4 want: 4.60.4
650 silly placeDep ROOT @rollup/rollup-freebsd-arm64@4.60.4 OK for: rollup@4.60.4 want: 4.60.4
651 silly placeDep ROOT @rollup/rollup-freebsd-x64@4.60.4 OK for: rollup@4.60.4 want: 4.60.4
652 silly placeDep ROOT @rollup/rollup-linux-arm-gnueabihf@4.60.4 OK for: rollup@4.60.4 want: 4.60.4
653 silly placeDep ROOT @rollup/rollup-linux-arm-musleabihf@4.60.4 OK for: rollup@4.60.4 want: 4.60.4
654 silly placeDep ROOT @rollup/rollup-linux-arm64-gnu@4.60.4 OK for: rollup@4.60.4 want: 4.60.4
655 silly placeDep ROOT @rollup/rollup-linux-arm64-musl@4.60.4 OK for: rollup@4.60.4 want: 4.60.4
656 silly placeDep ROOT @rollup/rollup-linux-loong64-gnu@4.60.4 OK for: rollup@4.60.4 want: 4.60.4
657 silly placeDep ROOT @rollup/rollup-linux-loong64-musl@4.60.4 OK for: rollup@4.60.4 want: 4.60.4
658 silly placeDep ROOT @rollup/rollup-linux-ppc64-gnu@4.60.4 OK for: rollup@4.60.4 want: 4.60.4
659 silly placeDep ROOT @rollup/rollup-linux-ppc64-musl@4.60.4 OK for: rollup@4.60.4 want: 4.60.4
660 silly placeDep ROOT @rollup/rollup-linux-riscv64-gnu@4.60.4 OK for: rollup@4.60.4 want: 4.60.4
661 silly placeDep ROOT @rollup/rollup-linux-riscv64-musl@4.60.4 OK for: rollup@4.60.4 want: 4.60.4
662 silly placeDep ROOT @rollup/rollup-linux-s390x-gnu@4.60.4 OK for: rollup@4.60.4 want: 4.60.4
663 silly placeDep ROOT @rollup/rollup-linux-x64-gnu@4.60.4 OK for: rollup@4.60.4 want: 4.60.4
664 silly placeDep ROOT @rollup/rollup-linux-x64-musl@4.60.4 OK for: rollup@4.60.4 want: 4.60.4
665 silly placeDep ROOT @rollup/rollup-openbsd-x64@4.60.4 OK for: rollup@4.60.4 want: 4.60.4
666 silly placeDep ROOT @rollup/rollup-openharmony-arm64@4.60.4 OK for: rollup@4.60.4 want: 4.60.4
667 silly placeDep ROOT @rollup/rollup-win32-arm64-msvc@4.60.4 OK for: rollup@4.60.4 want: 4.60.4
668 silly placeDep ROOT @rollup/rollup-win32-ia32-msvc@4.60.4 OK for: rollup@4.60.4 want: 4.60.4
669 silly placeDep ROOT @rollup/rollup-win32-x64-gnu@4.60.4 OK for: rollup@4.60.4 want: 4.60.4
670 silly placeDep ROOT @rollup/rollup-win32-x64-msvc@4.60.4 OK for: rollup@4.60.4 want: 4.60.4
671 silly placeDep node_modules/stacktrace-parser type-fest@0.7.1 OK for: stacktrace-parser@0.1.11 want: ^0.7.1
672 silly fetch manifest acorn@^8.16.0
673 silly packumentCache full:https://registry.npmjs.org/acorn cache-miss
674 http cache https://registry.npmjs.org/acorn 5ms (cache hit)
675 silly packumentCache full:https://registry.npmjs.org/acorn set size:379626 disposed:false
676 silly fetch manifest webpack@^5.1.0
677 silly packumentCache full:https://registry.npmjs.org/webpack cache-miss
678 http cache https://registry.npmjs.org/webpack 15ms (cache hit)
679 silly packumentCache full:https://registry.npmjs.org/webpack set size:5034153 disposed:false
680 silly placeDep ROOT @webassemblyjs/ast@1.14.1 OK for: webpack@5.107.2 want: ^1.14.1
681 silly placeDep ROOT @webassemblyjs/wasm-edit@1.14.1 OK for: webpack@5.107.2 want: ^1.14.1
682 silly placeDep ROOT @webassemblyjs/wasm-parser@1.14.1 OK for: webpack@5.107.2 want: ^1.14.1
683 silly placeDep ROOT acorn-import-phases@1.0.4 OK for: webpack@5.107.2 want: ^1.0.3
684 silly placeDep ROOT chrome-trace-event@1.0.4 OK for: webpack@5.107.2 want: ^1.0.2
685 silly placeDep ROOT enhanced-resolve@5.22.1 REPLACE for: webpack@5.107.2 want: ^5.22.0
686 silly placeDep node_modules/webpack eslint-scope@5.1.1 OK for: webpack@5.107.2 want: 5.1.1
687 silly placeDep ROOT events@3.3.0 OK for: webpack@5.107.2 want: ^3.2.0
688 silly placeDep ROOT glob-to-regexp@0.4.1 OK for: webpack@5.107.2 want: ^0.4.1
689 silly placeDep ROOT loader-runner@4.3.2 OK for: webpack@5.107.2 want: ^4.3.2
690 silly placeDep ROOT neo-async@2.6.2 OK for: webpack@5.107.2 want: ^2.6.2
691 silly placeDep ROOT schema-utils@4.3.3 OK for: webpack@5.107.2 want: ^4.3.3
692 silly placeDep ROOT terser-webpack-plugin@5.6.1 OK for: webpack@5.107.2 want: ^5.5.0
693 silly placeDep ROOT watchpack@2.5.1 OK for: webpack@5.107.2 want: ^2.5.1
694 silly placeDep ROOT webpack-sources@3.5.0 OK for: webpack@5.107.2 want: ^3.5.0
695 silly fetch manifest @webassemblyjs/helper-numbers@1.13.2
696 silly packumentCache full:https://registry.npmjs.org/@webassemblyjs%2fhelper-numbers cache-miss
697 silly fetch manifest @webassemblyjs/helper-wasm-bytecode@1.13.2
698 silly packumentCache full:https://registry.npmjs.org/@webassemblyjs%2fhelper-wasm-bytecode cache-miss
699 silly fetch manifest @webassemblyjs/helper-buffer@1.14.1
700 silly packumentCache full:https://registry.npmjs.org/@webassemblyjs%2fhelper-buffer cache-miss
701 silly fetch manifest @webassemblyjs/helper-wasm-bytecode@1.13.2
702 silly packumentCache full:https://registry.npmjs.org/@webassemblyjs%2fhelper-wasm-bytecode cache-miss
703 silly fetch manifest @webassemblyjs/helper-wasm-section@1.14.1
704 silly packumentCache full:https://registry.npmjs.org/@webassemblyjs%2fhelper-wasm-section cache-miss
705 silly fetch manifest @webassemblyjs/wasm-gen@1.14.1
706 silly packumentCache full:https://registry.npmjs.org/@webassemblyjs%2fwasm-gen cache-miss
707 silly fetch manifest @webassemblyjs/wasm-opt@1.14.1
708 silly packumentCache full:https://registry.npmjs.org/@webassemblyjs%2fwasm-opt cache-miss
709 http fetch GET 200 https://registry.npmjs.org/@webassemblyjs%2fwasm-opt 78ms (cache miss)
710 silly packumentCache full:https://registry.npmjs.org/@webassemblyjs%2fwasm-opt set size:undefined disposed:false
711 silly fetch manifest @webassemblyjs/wasm-parser@1.14.1
712 silly packumentCache full:https://registry.npmjs.org/@webassemblyjs%2fwasm-parser cache-miss
713 http cache https://registry.npmjs.org/@webassemblyjs%2fwasm-parser 4ms (cache hit)
714 silly packumentCache full:https://registry.npmjs.org/@webassemblyjs%2fwasm-parser set size:214115 disposed:false
715 silly fetch manifest @webassemblyjs/wast-printer@1.14.1
716 silly packumentCache full:https://registry.npmjs.org/@webassemblyjs%2fwast-printer cache-miss
717 http fetch GET 200 https://registry.npmjs.org/@webassemblyjs%2fwasm-gen 238ms (cache miss)
718 silly packumentCache full:https://registry.npmjs.org/@webassemblyjs%2fwasm-gen set size:undefined disposed:false
719 silly fetch manifest @webassemblyjs/helper-api-error@1.13.2
720 silly packumentCache full:https://registry.npmjs.org/@webassemblyjs%2fhelper-api-error cache-miss
721 http fetch GET 200 https://registry.npmjs.org/@webassemblyjs%2fhelper-wasm-bytecode 267ms (cache miss)
722 silly packumentCache full:https://registry.npmjs.org/@webassemblyjs%2fhelper-wasm-bytecode set size:undefined disposed:false
723 silly fetch manifest @webassemblyjs/ieee754@1.13.2
724 silly packumentCache full:https://registry.npmjs.org/@webassemblyjs%2fieee754 cache-miss
725 http fetch GET 200 https://registry.npmjs.org/@webassemblyjs%2fhelper-wasm-bytecode 279ms (cache miss)
726 silly packumentCache full:https://registry.npmjs.org/@webassemblyjs%2fhelper-wasm-bytecode set size:undefined disposed:false
727 silly fetch manifest @webassemblyjs/leb128@1.13.2
728 silly packumentCache full:https://registry.npmjs.org/@webassemblyjs%2fleb128 cache-miss
729 http fetch GET 200 https://registry.npmjs.org/@webassemblyjs%2fhelper-api-error 66ms (cache miss)
730 silly packumentCache full:https://registry.npmjs.org/@webassemblyjs%2fhelper-api-error set size:undefined disposed:false
731 silly fetch manifest @webassemblyjs/utf8@1.13.2
732 silly packumentCache full:https://registry.npmjs.org/@webassemblyjs%2futf8 cache-miss
733 http fetch GET 200 https://registry.npmjs.org/@webassemblyjs%2fieee754 53ms (cache miss)
734 silly packumentCache full:https://registry.npmjs.org/@webassemblyjs%2fieee754 set size:undefined disposed:false
735 silly fetch manifest estraverse@^4.1.1
736 silly packumentCache full:https://registry.npmjs.org/estraverse cache-miss
737 http fetch GET 200 https://registry.npmjs.org/estraverse 51ms (cache miss)
738 silly packumentCache full:https://registry.npmjs.org/estraverse set size:undefined disposed:false
739 silly fetch manifest ajv@^8.9.0
740 silly packumentCache full:https://registry.npmjs.org/ajv cache-miss
741 http fetch GET 200 https://registry.npmjs.org/@webassemblyjs%2fhelper-buffer 390ms (cache miss)
742 silly packumentCache full:https://registry.npmjs.org/@webassemblyjs%2fhelper-buffer set size:undefined disposed:false
743 silly fetch manifest ajv-formats@^2.1.1
744 silly packumentCache full:https://registry.npmjs.org/ajv-formats cache-miss
745 http fetch GET 200 https://registry.npmjs.org/@webassemblyjs%2fhelper-numbers 395ms (cache miss)
746 silly packumentCache full:https://registry.npmjs.org/@webassemblyjs%2fhelper-numbers set size:undefined disposed:false
747 silly fetch manifest ajv-keywords@^5.1.0
748 silly packumentCache full:https://registry.npmjs.org/ajv-keywords cache-miss
749 http fetch GET 200 https://registry.npmjs.org/ajv-formats 45ms (cache miss)
750 silly packumentCache full:https://registry.npmjs.org/ajv-formats set size:undefined disposed:false
751 silly fetch manifest jest-worker@^27.4.5
752 silly packumentCache full:https://registry.npmjs.org/jest-worker cache-miss
753 http fetch GET 200 https://registry.npmjs.org/@webassemblyjs%2fhelper-wasm-section 447ms (cache miss)
754 silly packumentCache full:https://registry.npmjs.org/@webassemblyjs%2fhelper-wasm-section set size:undefined disposed:false
755 silly fetch manifest terser@^5.31.1
756 silly packumentCache full:https://registry.npmjs.org/terser cache-miss
757 http cache https://registry.npmjs.org/terser 8ms (cache hit)
758 silly packumentCache full:https://registry.npmjs.org/terser set size:803566 disposed:false
759 http fetch GET 200 https://registry.npmjs.org/ajv 105ms (cache miss)
760 silly packumentCache full:https://registry.npmjs.org/ajv set size:undefined disposed:false
761 http fetch GET 200 https://registry.npmjs.org/@webassemblyjs%2fwast-printer 430ms (cache miss)
762 silly packumentCache full:https://registry.npmjs.org/@webassemblyjs%2fwast-printer set size:undefined disposed:false
763 http fetch GET 200 https://registry.npmjs.org/jest-worker 89ms (cache miss)
764 silly packumentCache full:https://registry.npmjs.org/jest-worker set size:undefined disposed:false
765 http fetch GET 200 https://registry.npmjs.org/@webassemblyjs%2fleb128 256ms (cache miss)
766 silly packumentCache full:https://registry.npmjs.org/@webassemblyjs%2fleb128 set size:undefined disposed:false
767 http fetch GET 200 https://registry.npmjs.org/@webassemblyjs%2futf8 265ms (cache miss)
768 silly packumentCache full:https://registry.npmjs.org/@webassemblyjs%2futf8 set size:undefined disposed:false
769 http fetch GET 200 https://registry.npmjs.org/ajv-keywords 251ms (cache miss)
770 silly packumentCache full:https://registry.npmjs.org/ajv-keywords set size:undefined disposed:false
771 silly placeDep ROOT @webassemblyjs/helper-numbers@1.13.2 OK for: @webassemblyjs/ast@1.14.1 want: 1.13.2
772 silly placeDep ROOT @webassemblyjs/helper-wasm-bytecode@1.13.2 OK for: @webassemblyjs/ast@1.14.1 want: 1.13.2
773 silly fetch manifest @xtuc/long@4.2.2
774 silly packumentCache full:https://registry.npmjs.org/@xtuc%2flong cache-miss
775 silly fetch manifest @webassemblyjs/floating-point-hex-parser@1.13.2
776 silly packumentCache full:https://registry.npmjs.org/@webassemblyjs%2ffloating-point-hex-parser cache-miss
777 http fetch GET 200 https://registry.npmjs.org/@xtuc%2flong 73ms (cache miss)
778 silly packumentCache full:https://registry.npmjs.org/@xtuc%2flong set size:undefined disposed:false
779 http fetch GET 200 https://registry.npmjs.org/@webassemblyjs%2ffloating-point-hex-parser 219ms (cache miss)
780 silly packumentCache full:https://registry.npmjs.org/@webassemblyjs%2ffloating-point-hex-parser set size:undefined disposed:false
781 silly placeDep ROOT @webassemblyjs/floating-point-hex-parser@1.13.2 OK for: @webassemblyjs/helper-numbers@1.13.2 want: 1.13.2
782 silly placeDep ROOT @webassemblyjs/helper-api-error@1.13.2 OK for: @webassemblyjs/helper-numbers@1.13.2 want: 1.13.2
783 silly placeDep ROOT @xtuc/long@4.2.2 OK for: @webassemblyjs/helper-numbers@1.13.2 want: 4.2.2
784 silly placeDep ROOT @webassemblyjs/helper-buffer@1.14.1 OK for: @webassemblyjs/wasm-edit@1.14.1 want: 1.14.1
785 silly placeDep ROOT @webassemblyjs/helper-wasm-section@1.14.1 OK for: @webassemblyjs/wasm-edit@1.14.1 want: 1.14.1
786 silly placeDep ROOT @webassemblyjs/wasm-gen@1.14.1 OK for: @webassemblyjs/wasm-edit@1.14.1 want: 1.14.1
787 silly placeDep ROOT @webassemblyjs/wasm-opt@1.14.1 OK for: @webassemblyjs/wasm-edit@1.14.1 want: 1.14.1
788 silly placeDep ROOT @webassemblyjs/wast-printer@1.14.1 OK for: @webassemblyjs/wasm-edit@1.14.1 want: 1.14.1
789 silly placeDep ROOT @webassemblyjs/ieee754@1.13.2 OK for: @webassemblyjs/wasm-gen@1.14.1 want: 1.13.2
790 silly placeDep ROOT @webassemblyjs/leb128@1.13.2 OK for: @webassemblyjs/wasm-gen@1.14.1 want: 1.13.2
791 silly placeDep ROOT @webassemblyjs/utf8@1.13.2 OK for: @webassemblyjs/wasm-gen@1.14.1 want: 1.13.2
792 silly fetch manifest @xtuc/ieee754@^1.2.0
793 silly packumentCache full:https://registry.npmjs.org/@xtuc%2fieee754 cache-miss
794 http fetch GET 200 https://registry.npmjs.org/@xtuc%2fieee754 440ms (cache miss)
795 silly packumentCache full:https://registry.npmjs.org/@xtuc%2fieee754 set size:undefined disposed:false
796 silly placeDep ROOT @xtuc/ieee754@1.2.0 OK for: @webassemblyjs/ieee754@1.13.2 want: ^1.2.0
797 silly placeDep node_modules/schema-utils ajv@8.20.0 OK for: schema-utils@4.3.3 want: ^8.9.0
798 silly placeDep node_modules/schema-utils ajv-formats@2.1.1 OK for: schema-utils@4.3.3 want: ^2.1.1
799 silly placeDep node_modules/schema-utils ajv-keywords@5.1.0 OK for: schema-utils@4.3.3 want: ^5.1.0
800 silly fetch manifest json-schema-traverse@^1.0.0
801 silly packumentCache full:https://registry.npmjs.org/json-schema-traverse cache-miss
802 http fetch GET 200 https://registry.npmjs.org/json-schema-traverse 42ms (cache miss)
803 silly packumentCache full:https://registry.npmjs.org/json-schema-traverse set size:undefined disposed:false
804 silly placeDep ROOT jest-worker@27.5.1 OK for: terser-webpack-plugin@5.6.1 want: ^27.4.5
805 silly placeDep ROOT terser@5.48.0 OK for: terser-webpack-plugin@5.6.1 want: ^5.31.1
806 silly fetch manifest supports-color@^8.0.0
807 silly packumentCache full:https://registry.npmjs.org/supports-color cache-miss
808 silly fetch manifest @jridgewell/source-map@^0.3.3
809 silly packumentCache full:https://registry.npmjs.org/@jridgewell%2fsource-map cache-miss
810 silly fetch manifest commander@^2.20.0
811 silly packumentCache full:https://registry.npmjs.org/commander cache-miss
812 silly fetch manifest source-map-support@~0.5.20
813 silly packumentCache full:https://registry.npmjs.org/source-map-support cache-miss
814 http fetch GET 200 https://registry.npmjs.org/supports-color 40ms (cache miss)
815 silly packumentCache full:https://registry.npmjs.org/supports-color set size:undefined disposed:false
816 http fetch GET 200 https://registry.npmjs.org/commander 56ms (cache miss)
817 silly packumentCache full:https://registry.npmjs.org/commander set size:undefined disposed:false
818 http fetch GET 200 https://registry.npmjs.org/@jridgewell%2fsource-map 69ms (cache miss)
819 silly packumentCache full:https://registry.npmjs.org/@jridgewell%2fsource-map set size:undefined disposed:false
820 http fetch GET 200 https://registry.npmjs.org/source-map-support 225ms (cache miss)
821 silly packumentCache full:https://registry.npmjs.org/source-map-support set size:undefined disposed:false
822 silly placeDep node_modules/jest-worker supports-color@8.1.1 OK for: jest-worker@27.5.1 want: ^8.0.0
823 silly placeDep ROOT @jridgewell/source-map@0.3.11 OK for: terser@5.48.0 want: ^0.3.3
824 silly placeDep node_modules/terser commander@2.20.3 OK for: terser@5.48.0 want: ^2.20.0
825 silly placeDep ROOT source-map-support@0.5.21 OK for: terser@5.48.0 want: ~0.5.20
826 silly fetch manifest buffer-from@^1.0.0
827 silly packumentCache full:https://registry.npmjs.org/buffer-from cache-miss
828 http fetch GET 200 https://registry.npmjs.org/buffer-from 38ms (cache miss)
829 silly packumentCache full:https://registry.npmjs.org/buffer-from set size:undefined disposed:false
830 silly placeDep ROOT buffer-from@1.1.2 OK for: source-map-support@0.5.21 want: ^1.0.0
831 silly placeDep node_modules/@sentry/cli agent-base@6.0.2 OK for: https-proxy-agent@5.0.1 want: 6
832 silly placeDep ROOT whatwg-url@5.0.0 OK for: node-fetch@2.7.0 want: ^5.0.0
833 silly fetch manifest tr46@~0.0.3
834 silly packumentCache full:https://registry.npmjs.org/tr46 cache-miss
835 silly fetch manifest webidl-conversions@^3.0.0
836 silly packumentCache full:https://registry.npmjs.org/webidl-conversions cache-miss
837 http fetch GET 200 https://registry.npmjs.org/tr46 41ms (cache miss)
838 silly packumentCache full:https://registry.npmjs.org/tr46 set size:undefined disposed:false
839 http fetch GET 200 https://registry.npmjs.org/webidl-conversions 47ms (cache miss)
840 silly packumentCache full:https://registry.npmjs.org/webidl-conversions set size:undefined disposed:false
841 silly placeDep ROOT tr46@0.0.3 OK for: whatwg-url@5.0.0 want: ~0.0.3
842 silly placeDep ROOT webidl-conversions@3.0.1 OK for: whatwg-url@5.0.0 want: ^3.0.0
843 silly placeDep node_modules/glob brace-expansion@5.0.6 OK for: minimatch@10.2.5 want: ^5.0.5
844 silly fetch manifest balanced-match@^4.0.2
845 silly packumentCache full:https://registry.npmjs.org/balanced-match cache-miss
846 http fetch GET 200 https://registry.npmjs.org/balanced-match 40ms (cache miss)
847 silly packumentCache full:https://registry.npmjs.org/balanced-match set size:undefined disposed:false
848 silly placeDep node_modules/glob balanced-match@4.0.4 OK for: brace-expansion@5.0.6 want: ^4.0.2
849 silly fetch manifest @swc/helpers@>=0.5.17
850 silly packumentCache full:https://registry.npmjs.org/@swc%2fhelpers cache-miss
851 http fetch GET 200 https://registry.npmjs.org/@swc%2fhelpers 96ms (cache miss)
852 silly packumentCache full:https://registry.npmjs.org/@swc%2fhelpers set size:undefined disposed:false
853 silly placeDep node_modules/next-intl @swc/helpers@0.5.23 OK for: @swc/core@1.15.32 want: >=0.5.17
854 silly placeDep node_modules/schema-utils json-schema-traverse@1.0.0 OK for: ajv@8.20.0 want: ^1.0.0
855 silly placeDep node_modules/webpack estraverse@4.3.0 OK for: eslint-scope@5.1.1 want: ^4.1.1
856 silly reify mark retired [ 'D:\\Project\\SOSH\\node_modules\\enhanced-resolve' ]
857 silly reify moves {
857 silly reify   'D:\\Project\\SOSH\\node_modules\\enhanced-resolve': 'D:\\Project\\SOSH\\node_modules\\.enhanced-resolve-0qrjOoHM'
857 silly reify }
858 silly audit bulk request {
858 silly audit   '@alloc/quick-lru': [ '5.2.0' ],
858 silly audit   '@anthropic-ai/sdk': [ '0.91.1' ],
858 silly audit   '@babel/code-frame': [ '7.29.0' ],
858 silly audit   '@babel/compat-data': [ '7.29.0' ],
858 silly audit   '@babel/core': [ '7.29.0' ],
858 silly audit   '@babel/generator': [ '7.29.1' ],
858 silly audit   '@babel/helper-annotate-as-pure': [ '7.27.3' ],
858 silly audit   '@babel/helper-compilation-targets': [ '7.28.6' ],
858 silly audit   '@babel/helper-create-class-features-plugin': [ '7.28.6' ],
858 silly audit   '@babel/helper-globals': [ '7.28.0' ],
858 silly audit   '@babel/helper-member-expression-to-functions': [ '7.28.5' ],
858 silly audit   '@babel/helper-module-imports': [ '7.28.6' ],
858 silly audit   '@babel/helper-module-transforms': [ '7.28.6' ],
858 silly audit   '@babel/helper-optimise-call-expression': [ '7.27.1' ],
858 silly audit   '@babel/helper-plugin-utils': [ '7.28.6' ],
858 silly audit   '@babel/helper-replace-supers': [ '7.28.6' ],
858 silly audit   '@babel/helper-skip-transparent-expression-wrappers': [ '7.27.1' ],
858 silly audit   '@babel/helper-string-parser': [ '7.27.1' ],
858 silly audit   '@babel/helper-validator-identifier': [ '7.28.5' ],
858 silly audit   '@babel/helper-validator-option': [ '7.27.1' ],
858 silly audit   '@babel/helpers': [ '7.29.2' ],
858 silly audit   '@babel/parser': [ '7.29.2' ],
858 silly audit   '@babel/plugin-syntax-jsx': [ '7.28.6' ],
858 silly audit   '@babel/plugin-syntax-typescript': [ '7.28.6' ],
858 silly audit   '@babel/plugin-transform-modules-commonjs': [ '7.28.6' ],
858 silly audit   '@babel/plugin-transform-typescript': [ '7.28.6' ],
858 silly audit   '@babel/preset-typescript': [ '7.28.5' ],
858 silly audit   '@babel/runtime': [ '7.29.2' ],
858 silly audit   '@babel/template': [ '7.28.6' ],
858 silly audit   '@babel/traverse': [ '7.29.0' ],
858 silly audit   '@babel/types': [ '7.29.0' ],
858 silly audit   '@base-ui/react': [ '1.4.1' ],
858 silly audit   '@base-ui/utils': [ '0.2.8' ],
858 silly audit   '@dotenvx/dotenvx': [ '1.64.0' ],
858 silly audit   commander: [ '11.1.0', '14.0.3', '2.20.3' ],
858 silly audit   execa: [ '5.1.1', '9.6.1' ],
858 silly audit   fdir: [ '6.5.0' ],
858 silly audit   'get-stream': [ '6.0.1', '9.0.1' ],
858 silly audit   'human-signals': [ '2.1.0', '8.0.1' ],
858 silly audit   'is-stream': [ '2.0.1', '4.0.1' ],
858 silly audit   isexe: [ '3.1.5', '2.0.0' ],
858 silly audit   'npm-run-path': [ '4.0.1', '6.0.0' ],
858 silly audit   onetime: [ '5.1.2', '7.0.0' ],
858 silly audit   picomatch: [ '4.0.4', '2.3.2' ],
858 silly audit   'signal-exit': [ '3.0.7', '4.1.0' ],
858 silly audit   'strip-final-newline': [ '2.0.0', '4.0.0' ],
858 silly audit   which: [ '4.0.0', '2.0.2' ],
858 silly audit   '@ecies/ciphers': [ '0.2.6' ],
858 silly audit   '@emnapi/core': [ '1.10.0' ],
858 silly audit   '@emnapi/runtime': [ '1.10.0' ],
858 silly audit   '@emnapi/wasi-threads': [ '1.2.1' ],
858 silly audit   '@esbuild/aix-ppc64': [ '0.27.7' ],
858 silly audit   '@esbuild/android-arm': [ '0.27.7' ],
858 silly audit   '@esbuild/android-arm64': [ '0.27.7' ],
858 silly audit   '@esbuild/android-x64': [ '0.27.7' ],
858 silly audit   '@esbuild/darwin-arm64': [ '0.27.7' ],
858 silly audit   '@esbuild/darwin-x64': [ '0.27.7' ],
858 silly audit   '@esbuild/freebsd-arm64': [ '0.27.7' ],
858 silly audit   '@esbuild/freebsd-x64': [ '0.27.7' ],
858 silly audit   '@esbuild/linux-arm': [ '0.27.7' ],
858 silly audit   '@esbuild/linux-arm64': [ '0.27.7' ],
858 silly audit   '@esbuild/linux-ia32': [ '0.27.7' ],
858 silly audit   '@esbuild/linux-loong64': [ '0.27.7' ],
858 silly audit   '@esbuild/linux-mips64el': [ '0.27.7' ],
858 silly audit   '@esbuild/linux-ppc64': [ '0.27.7' ],
858 silly audit   '@esbuild/linux-riscv64': [ '0.27.7' ],
858 silly audit   '@esbuild/linux-s390x': [ '0.27.7' ],
858 silly audit   '@esbuild/linux-x64': [ '0.27.7' ],
858 silly audit   '@esbuild/netbsd-arm64': [ '0.27.7' ],
858 silly audit   '@esbuild/netbsd-x64': [ '0.27.7' ],
858 silly audit   '@esbuild/openbsd-arm64': [ '0.27.7' ],
858 silly audit   '@esbuild/openbsd-x64': [ '0.27.7' ],
858 silly audit   '@esbuild/openharmony-arm64': [ '0.27.7' ],
858 silly audit   '@esbuild/sunos-x64': [ '0.27.7' ],
858 silly audit   '@esbuild/win32-arm64': [ '0.27.7' ],
858 silly audit   '@esbuild/win32-ia32': [ '0.27.7' ],
858 silly audit   '@esbuild/win32-x64': [ '0.27.7' ],
858 silly audit   '@eslint-community/eslint-utils': [ '4.9.1' ],
858 silly audit   'eslint-visitor-keys': [ '3.4.3', '5.0.1', '4.2.1' ],
858 silly audit   '@eslint-community/regexpp': [ '4.12.2' ],
858 silly audit   '@eslint/config-array': [ '0.21.2' ],
858 silly audit   '@eslint/config-helpers': [ '0.4.2' ],
858 silly audit   '@eslint/core': [ '0.17.0' ],
858 silly audit   '@eslint/eslintrc': [ '3.3.5' ],
858 silly audit   '@eslint/js': [ '9.39.4' ],
858 silly audit   '@eslint/object-schema': [ '2.1.7' ],
858 silly audit   '@eslint/plugin-kit': [ '0.4.1' ],
858 silly audit   '@floating-ui/core': [ '1.7.5' ],
858 silly audit   '@floating-ui/dom': [ '1.7.6' ],
858 silly audit   '@floating-ui/react-dom': [ '2.1.8' ],
858 silly audit   '@floating-ui/utils': [ '0.2.11' ],
858 silly audit   '@formatjs/fast-memoize': [ '3.1.2' ],
858 silly audit   '@formatjs/icu-messageformat-parser': [ '3.5.5' ],
858 silly audit   '@formatjs/icu-skeleton-parser': [ '2.1.5' ],
858 silly audit   '@formatjs/intl-localematcher': [ '0.8.4' ],
858 silly audit   '@hono/node-server': [ '1.19.14' ],
858 silly audit   '@hookform/resolvers': [ '5.2.2' ],
858 silly audit   '@humanfs/core': [ '0.19.2' ],
858 silly audit   '@humanfs/node': [ '0.16.8' ],
858 silly audit   '@humanfs/types': [ '0.15.0' ],
858 silly audit   '@humanwhocodes/module-importer': [ '1.0.1' ],
858 silly audit   '@humanwhocodes/retry': [ '0.4.3' ],
858 silly audit   '@img/colour': [ '1.1.0' ],
858 silly audit   '@img/sharp-darwin-arm64': [ '0.34.5' ],
858 silly audit   '@img/sharp-darwin-x64': [ '0.34.5' ],
858 silly audit   '@img/sharp-libvips-darwin-arm64': [ '1.2.4' ],
858 silly audit   '@img/sharp-libvips-darwin-x64': [ '1.2.4' ],
858 silly audit   '@img/sharp-libvips-linux-arm': [ '1.2.4' ],
858 silly audit   '@img/sharp-libvips-linux-arm64': [ '1.2.4' ],
858 silly audit   '@img/sharp-libvips-linux-ppc64': [ '1.2.4' ],
858 silly audit   '@img/sharp-libvips-linux-riscv64': [ '1.2.4' ],
858 silly audit   '@img/sharp-libvips-linux-s390x': [ '1.2.4' ],
858 silly audit   '@img/sharp-libvips-linux-x64': [ '1.2.4' ],
858 silly audit   '@img/sharp-libvips-linuxmusl-arm64': [ '1.2.4' ],
858 silly audit   '@img/sharp-libvips-linuxmusl-x64': [ '1.2.4' ],
858 silly audit   '@img/sharp-linux-arm': [ '0.34.5' ],
858 silly audit   '@img/sharp-linux-arm64': [ '0.34.5' ],
858 silly audit   '@img/sharp-linux-ppc64': [ '0.34.5' ],
858 silly audit   '@img/sharp-linux-riscv64': [ '0.34.5' ],
858 silly audit   '@img/sharp-linux-s390x': [ '0.34.5' ],
858 silly audit   '@img/sharp-linux-x64': [ '0.34.5' ],
858 silly audit   '@img/sharp-linuxmusl-arm64': [ '0.34.5' ],
858 silly audit   '@img/sharp-linuxmusl-x64': [ '0.34.5' ],
858 silly audit   '@img/sharp-wasm32': [ '0.34.5' ],
858 silly audit   '@img/sharp-win32-arm64': [ '0.34.5' ],
858 silly audit   '@img/sharp-win32-ia32': [ '0.34.5' ],
858 silly audit   '@img/sharp-win32-x64': [ '0.34.5' ],
858 silly audit   '@inquirer/ansi': [ '2.0.5' ],
858 silly audit   '@inquirer/confirm': [ '6.0.12' ],
858 silly audit   '@inquirer/core': [ '11.1.9' ],
858 silly audit   '@inquirer/figures': [ '2.0.5' ],
858 silly audit   '@inquirer/type': [ '4.0.5' ],
858 silly audit   '@isaacs/fs-minipass': [ '4.0.1' ],
858 silly audit   '@jridgewell/gen-mapping': [ '0.3.13' ],
858 silly audit   '@jridgewell/remapping': [ '2.3.5' ],
858 silly audit   '@jridgewell/resolve-uri': [ '3.1.2' ],
858 silly audit   '@jridgewell/sourcemap-codec': [ '1.5.5' ],
858 silly audit   '@jridgewell/trace-mapping': [ '0.3.31' ],
858 silly audit   '@modelcontextprotocol/sdk': [ '1.29.0' ],
858 silly audit   ajv: [ '8.20.0', '6.15.0' ],
858 silly audit   'json-schema-traverse': [ '1.0.0', '0.4.1' ],
858 silly audit   '@mswjs/interceptors': [ '0.41.7' ],
858 silly audit   '@open-draft/deferred-promise': [ '2.2.0', '3.0.0' ],
858 silly audit   '@napi-rs/wasm-runtime': [ '0.2.12', '1.1.4' ],
858 silly audit   '@next/env': [ '16.2.4' ],
858 silly audit   '@next/eslint-plugin-next': [ '16.2.4' ],
858 silly audit   '@next/swc-darwin-arm64': [ '16.2.4' ],
858 silly audit   '@next/swc-darwin-x64': [ '16.2.4' ],
858 silly audit   '@next/swc-linux-arm64-gnu': [ '16.2.4' ],
858 silly audit   '@next/swc-linux-arm64-musl': [ '16.2.4' ],
858 silly audit   '@next/swc-linux-x64-gnu': [ '16.2.4' ],
858 silly audit   '@next/swc-linux-x64-musl': [ '16.2.4' ],
858 silly audit   '@next/swc-win32-arm64-msvc': [ '16.2.4' ],
858 silly audit   '@next/swc-win32-x64-msvc': [ '16.2.4' ],
858 silly audit   '@noble/ciphers': [ '1.3.0' ],
858 silly audit   '@noble/curves': [ '1.9.7' ],
858 silly audit   '@noble/hashes': [ '1.8.0' ],
858 silly audit   '@nodelib/fs.scandir': [ '2.1.5' ],
858 silly audit   '@nodelib/fs.stat': [ '2.0.5' ],
858 silly audit   '@nodelib/fs.walk': [ '1.2.8' ],
858 silly audit   '@nolyfill/is-core-module': [ '1.0.39' ],
858 silly audit   '@open-draft/logger': [ '0.3.0' ],
858 silly audit   '@open-draft/until': [ '2.1.0' ],
858 silly audit   '@oxc-project/types': [ '0.127.0' ],
858 silly audit   '@parcel/watcher': [ '2.5.6' ],
858 silly audit   '@parcel/watcher-android-arm64': [ '2.5.6' ],
858 silly audit   '@parcel/watcher-darwin-arm64': [ '2.5.6' ],
858 silly audit   '@parcel/watcher-darwin-x64': [ '2.5.6' ],
858 silly audit   '@parcel/watcher-freebsd-x64': [ '2.5.6' ],
858 silly audit   '@parcel/watcher-linux-arm-glibc': [ '2.5.6' ],
858 silly audit   '@parcel/watcher-linux-arm-musl': [ '2.5.6' ],
858 silly audit   '@parcel/watcher-linux-arm64-glibc': [ '2.5.6' ],
858 silly audit   '@parcel/watcher-linux-arm64-musl': [ '2.5.6' ],
858 silly audit   '@parcel/watcher-linux-x64-glibc': [ '2.5.6' ],
858 silly audit   '@parcel/watcher-linux-x64-musl': [ '2.5.6' ],
858 silly audit   '@parcel/watcher-win32-arm64': [ '2.5.6' ],
858 silly audit   '@parcel/watcher-win32-ia32': [ '2.5.6' ],
858 silly audit   '@parcel/watcher-win32-x64': [ '2.5.6' ],
858 silly audit   '@radix-ui/react-compose-refs': [ '1.1.2' ],
858 silly audit   '@radix-ui/react-label': [ '2.1.8' ],
858 silly audit   '@radix-ui/react-primitive': [ '2.1.4' ],
858 silly audit   '@radix-ui/react-slot': [ '1.2.4' ],
858 silly audit   '@rolldown/binding-android-arm64': [ '1.0.0-rc.17' ],
858 silly audit   '@rolldown/binding-darwin-arm64': [ '1.0.0-rc.17' ],
858 silly audit   '@rolldown/binding-darwin-x64': [ '1.0.0-rc.17' ],
858 silly audit   '@rolldown/binding-freebsd-x64': [ '1.0.0-rc.17' ],
858 silly audit   '@rolldown/binding-linux-arm-gnueabihf': [ '1.0.0-rc.17' ],
858 silly audit   '@rolldown/binding-linux-arm64-gnu': [ '1.0.0-rc.17' ],
858 silly audit   '@rolldown/binding-linux-arm64-musl': [ '1.0.0-rc.17' ],
858 silly audit   '@rolldown/binding-linux-ppc64-gnu': [ '1.0.0-rc.17' ],
858 silly audit   '@rolldown/binding-linux-s390x-gnu': [ '1.0.0-rc.17' ],
858 silly audit   '@rolldown/binding-linux-x64-gnu': [ '1.0.0-rc.17' ],
858 silly audit   '@rolldown/binding-linux-x64-musl': [ '1.0.0-rc.17' ],
858 silly audit   '@rolldown/binding-openharmony-arm64': [ '1.0.0-rc.17' ],
858 silly audit   '@rolldown/binding-wasm32-wasi': [ '1.0.0-rc.17' ],
858 silly audit   '@rolldown/binding-win32-arm64-msvc': [ '1.0.0-rc.17' ],
858 silly audit   '@rolldown/binding-win32-x64-msvc': [ '1.0.0-rc.17' ],
858 silly audit   '@rolldown/pluginutils': [ '1.0.0-rc.17' ],
858 silly audit   '@rtsao/scc': [ '1.1.0' ],
858 silly audit   '@schummar/icu-type-parser': [ '1.21.5' ],
858 silly audit   '@sec-ant/readable-stream': [ '0.4.1' ],
858 silly audit   '@sindresorhus/merge-streams': [ '4.0.0' ],
858 silly audit   '@standard-schema/spec': [ '1.1.0' ],
858 silly audit   '@standard-schema/utils': [ '0.3.0' ],
858 silly audit   '@supabase/auth-js': [ '2.105.1' ],
858 silly audit   '@supabase/functions-js': [ '2.105.1' ],
858 silly audit   '@supabase/phoenix': [ '0.4.1' ],
858 silly audit   '@supabase/postgrest-js': [ '2.105.1' ],
858 silly audit   '@supabase/realtime-js': [ '2.105.1' ],
858 silly audit   '@supabase/ssr': [ '0.10.2' ],
858 silly audit   '@supabase/storage-js': [ '2.105.1' ],
858 silly audit   '@supabase/supabase-js': [ '2.105.1' ],
858 silly audit   '@swc/core-darwin-arm64': [ '1.15.32' ],
858 silly audit   '@swc/core-darwin-x64': [ '1.15.32' ],
858 silly audit   '@swc/core-linux-arm-gnueabihf': [ '1.15.32' ],
858 silly audit   '@swc/core-linux-arm64-gnu': [ '1.15.32' ],
858 silly audit   '@swc/core-linux-arm64-musl': [ '1.15.32' ],
858 silly audit   '@swc/core-linux-ppc64-gnu': [ '1.15.32' ],
858 silly audit   '@swc/core-linux-s390x-gnu': [ '1.15.32' ],
858 silly audit   '@swc/core-linux-x64-gnu': [ '1.15.32' ],
858 silly audit   '@swc/core-linux-x64-musl': [ '1.15.32' ],
858 silly audit   '@swc/core-win32-arm64-msvc': [ '1.15.32' ],
858 silly audit   '@swc/core-win32-ia32-msvc': [ '1.15.32' ],
858 silly audit   '@swc/core-win32-x64-msvc': [ '1.15.32' ],
858 silly audit   '@swc/counter': [ '0.1.3' ],
858 silly audit   '@swc/helpers': [ '0.5.15' ],
858 silly audit   '@swc/types': [ '0.1.26' ],
858 silly audit   '@tailwindcss/node': [ '4.2.4' ],
858 silly audit   '@tailwindcss/oxide': [ '4.2.4' ],
858 silly audit   '@tailwindcss/oxide-android-arm64': [ '4.2.4' ],
858 silly audit   '@tailwindcss/oxide-darwin-arm64': [ '4.2.4' ],
858 silly audit   '@tailwindcss/oxide-darwin-x64': [ '4.2.4' ],
858 silly audit   '@tailwindcss/oxide-freebsd-x64': [ '4.2.4' ],
858 silly audit   '@tailwindcss/oxide-linux-arm-gnueabihf': [ '4.2.4' ],
858 silly audit   '@tailwindcss/oxide-linux-arm64-gnu': [ '4.2.4' ],
858 silly audit   '@tailwindcss/oxide-linux-arm64-musl': [ '4.2.4' ],
858 silly audit   '@tailwindcss/oxide-linux-x64-gnu': [ '4.2.4' ],
858 silly audit   '@tailwindcss/oxide-linux-x64-musl': [ '4.2.4' ],
858 silly audit   '@tailwindcss/oxide-wasm32-wasi': [ '4.2.4' ],
858 silly audit   '@tailwindcss/oxide-win32-arm64-msvc': [ '4.2.4' ],
858 silly audit   '@tailwindcss/oxide-win32-x64-msvc': [ '4.2.4' ],
858 silly audit   '@tailwindcss/postcss': [ '4.2.4' ],
858 silly audit   '@ts-morph/common': [ '0.27.0' ],
858 silly audit   'balanced-match': [ '4.0.4', '1.0.2' ],
858 silly audit   'brace-expansion': [ '5.0.5', '1.1.14', '5.0.6' ],
858 silly audit   'fast-glob': [ '3.3.3', '3.3.1' ],
858 silly audit   'glob-parent': [ '5.1.2', '6.0.2' ],
858 silly audit   minimatch: [ '10.2.5', '3.1.5' ],
858 silly audit   '@tybys/wasm-util': [ '0.10.1' ],
858 silly audit   '@types/chai': [ '5.2.3' ],
858 silly audit   '@types/deep-eql': [ '4.0.2' ],
858 silly audit   '@types/estree': [ '1.0.8' ],
858 silly audit   '@types/json-schema': [ '7.0.15' ],
858 silly audit   '@types/json5': [ '0.0.29' ],
858 silly audit   '@types/node': [ '20.19.39' ],
858 silly audit   '@types/pg': [ '8.20.0' ],
858 silly audit   '@types/react': [ '19.2.14' ],
858 silly audit   '@types/react-dom': [ '19.2.3' ],
858 silly audit   '@types/set-cookie-parser': [ '2.4.10' ],
858 silly audit   '@types/statuses': [ '2.0.6' ],
858 silly audit   '@types/validate-npm-package-name': [ '4.0.2' ],
858 silly audit   '@types/ws': [ '8.18.1' ],
858 silly audit   '@typescript-eslint/eslint-plugin': [ '8.59.1' ],
858 silly audit   ignore: [ '7.0.5', '5.3.2' ],
858 silly audit   '@typescript-eslint/parser': [ '8.59.1' ],
858 silly audit   '@typescript-eslint/project-service': [ '8.59.1' ],
858 silly audit   '@typescript-eslint/scope-manager': [ '8.59.1' ],
858 silly audit   '@typescript-eslint/tsconfig-utils': [ '8.59.1' ],
858 silly audit   '@typescript-eslint/type-utils': [ '8.59.1' ],
858 silly audit   '@typescript-eslint/types': [ '8.59.1' ],
858 silly audit   '@typescript-eslint/typescript-estree': [ '8.59.1' ],
858 silly audit   semver: [ '7.7.4', '6.3.1' ],
858 silly audit   '@typescript-eslint/utils': [ '8.59.1' ],
858 silly audit   '@typescript-eslint/visitor-keys': [ '8.59.1' ],
858 silly audit   '@unrs/resolver-binding-android-arm-eabi': [ '1.11.1' ],
858 silly audit   '@unrs/resolver-binding-android-arm64': [ '1.11.1' ],
858 silly audit   '@unrs/resolver-binding-darwin-arm64': [ '1.11.1' ],
858 silly audit   '@unrs/resolver-binding-darwin-x64': [ '1.11.1' ],
858 silly audit   '@unrs/resolver-binding-freebsd-x64': [ '1.11.1' ],
858 silly audit   '@unrs/resolver-binding-linux-arm-gnueabihf': [ '1.11.1' ],
858 silly audit   '@unrs/resolver-binding-linux-arm-musleabihf': [ '1.11.1' ],
858 silly audit   '@unrs/resolver-binding-linux-arm64-gnu': [ '1.11.1' ],
858 silly audit   '@unrs/resolver-binding-linux-arm64-musl': [ '1.11.1' ],
858 silly audit   '@unrs/resolver-binding-linux-ppc64-gnu': [ '1.11.1' ],
858 silly audit   '@unrs/resolver-binding-linux-riscv64-gnu': [ '1.11.1' ],
858 silly audit   '@unrs/resolver-binding-linux-riscv64-musl': [ '1.11.1' ],
858 silly audit   '@unrs/resolver-binding-linux-s390x-gnu': [ '1.11.1' ],
858 silly audit   '@unrs/resolver-binding-linux-x64-gnu': [ '1.11.1' ],
858 silly audit   '@unrs/resolver-binding-linux-x64-musl': [ '1.11.1' ],
858 silly audit   '@unrs/resolver-binding-wasm32-wasi': [ '1.11.1' ],
858 silly audit   '@unrs/resolver-binding-win32-arm64-msvc': [ '1.11.1' ],
858 silly audit   '@unrs/resolver-binding-win32-ia32-msvc': [ '1.11.1' ],
858 silly audit   '@unrs/resolver-binding-win32-x64-msvc': [ '1.11.1' ],
858 silly audit   '@vitest/expect': [ '4.1.5' ],
858 silly audit   '@vitest/mocker': [ '4.1.5' ],
858 silly audit   '@vitest/pretty-format': [ '4.1.5' ],
858 silly audit   '@vitest/runner': [ '4.1.5' ],
858 silly audit   '@vitest/snapshot': [ '4.1.5' ],
858 silly audit   '@vitest/spy': [ '4.1.5' ],
858 silly audit   '@vitest/utils': [ '4.1.5' ],
858 silly audit   accepts: [ '2.0.0' ],
858 silly audit   acorn: [ '8.16.0' ],
858 silly audit   'acorn-jsx': [ '5.3.2' ],
858 silly audit   'agent-base': [ '7.1.4', '9.0.0', '6.0.2' ],
858 silly audit   'ajv-formats': [ '3.0.1', '2.1.1' ],
858 silly audit   'ansi-regex': [ '6.2.2', '5.0.1' ],
858 silly audit   'ansi-styles': [ '4.3.0' ],
858 silly audit   argparse: [ '2.0.1' ],
858 silly audit   'aria-query': [ '5.3.2' ],
858 silly audit   'array-buffer-byte-length': [ '1.0.2' ],
858 silly audit   'array-includes': [ '3.1.9' ],
858 silly audit   'array.prototype.findlast': [ '1.2.5' ],
858 silly audit   'array.prototype.findlastindex': [ '1.2.6' ],
858 silly audit   'array.prototype.flat': [ '1.3.3' ],
858 silly audit   'array.prototype.flatmap': [ '1.3.3' ],
858 silly audit   'array.prototype.tosorted': [ '1.1.4' ],
858 silly audit   'arraybuffer.prototype.slice': [ '1.0.4' ],
858 silly audit   'assertion-error': [ '2.0.1' ],
858 silly audit   'ast-types': [ '0.16.1' ],
858 silly audit   'ast-types-flow': [ '0.0.8' ],
858 silly audit   'async-function': [ '1.0.0' ],
858 silly audit   'available-typed-arrays': [ '1.0.7' ],
858 silly audit   'axe-core': [ '4.11.4' ],
858 silly audit   'axobject-query': [ '4.1.0' ],
858 silly audit   'baseline-browser-mapping': [ '2.10.24' ],
858 silly audit   'bin-links': [ '6.0.0' ],
858 silly audit   'body-parser': [ '2.2.2' ],
858 silly audit   braces: [ '3.0.3' ],
858 silly audit   browserslist: [ '4.28.2' ],
858 silly audit   'bundle-name': [ '4.1.0' ],
858 silly audit   bytes: [ '3.1.2' ],
858 silly audit   'call-bind': [ '1.0.9' ],
858 silly audit   'call-bind-apply-helpers': [ '1.0.2' ],
858 silly audit   'call-bound': [ '1.0.4' ],
858 silly audit   callsites: [ '3.1.0' ],
858 silly audit   'caniuse-lite': [ '1.0.30001791' ],
858 silly audit   chai: [ '6.2.2' ],
858 silly audit   chalk: [ '4.1.2', '5.6.2' ],
858 silly audit   chownr: [ '3.0.0' ],
858 silly audit   'class-variance-authority': [ '0.7.1' ],
858 silly audit   'cli-cursor': [ '5.0.0' ],
858 silly audit   'cli-spinners': [ '2.9.2' ],
858 silly audit   'cli-width': [ '4.1.0' ],
858 silly audit   'client-only': [ '0.0.1' ],
858 silly audit   cliui: [ '8.0.1' ],
858 silly audit   'emoji-regex': [ '8.0.0', '9.2.2', '10.6.0' ],
858 silly audit   'string-width': [ '4.2.3', '7.2.0' ],
858 silly audit   'strip-ansi': [ '6.0.1', '7.2.0' ],
858 silly audit   clsx: [ '2.1.1' ],
858 silly audit   'cmd-shim': [ '8.0.0' ],
858 silly audit   'code-block-writer': [ '13.0.3' ],
858 silly audit   'color-convert': [ '2.0.1' ],
858 silly audit   'color-name': [ '1.1.4' ],
858 silly audit   'concat-map': [ '0.0.1' ],
858 silly audit   'content-disposition': [ '1.1.0' ],
858 silly audit   'content-type': [ '1.0.5' ],
858 silly audit   'convert-source-map': [ '2.0.0' ],
858 silly audit   cookie: [ '1.1.1', '0.7.2' ],
858 silly audit   'cookie-signature': [ '1.2.2' ],
858 silly audit   cors: [ '2.8.6' ],
858 silly audit   cosmiconfig: [ '9.0.1' ],
858 silly audit   'cross-spawn': [ '7.0.6' ],
858 silly audit   cssesc: [ '3.0.0' ],
858 silly audit   csstype: [ '3.2.3' ],
858 silly audit   'damerau-levenshtein': [ '1.0.8' ],
858 silly audit   'data-uri-to-buffer': [ '4.0.1' ],
858 silly audit   'data-view-buffer': [ '1.0.2' ],
858 silly audit   'data-view-byte-length': [ '1.0.2' ],
858 silly audit   'data-view-byte-offset': [ '1.0.1' ],
858 silly audit   'date-fns': [ '4.1.0' ],
858 silly audit   debug: [ '4.4.3', '3.2.7' ],
858 silly audit   dedent: [ '1.7.2' ],
858 silly audit   'deep-is': [ '0.1.4' ],
858 silly audit   deepmerge: [ '4.3.1' ],
858 silly audit   'default-browser': [ '5.5.0' ],
858 silly audit   'default-browser-id': [ '5.0.1' ],
858 silly audit   'define-data-property': [ '1.1.4' ],
858 silly audit   'define-lazy-prop': [ '3.0.0' ],
858 silly audit   'define-properties': [ '1.2.1' ],
858 silly audit   depd: [ '2.0.0' ],
858 silly audit   'detect-libc': [ '2.1.2' ],
858 silly audit   diff: [ '8.0.4' ],
858 silly audit   doctrine: [ '2.1.0' ],
858 silly audit   dotenv: [ '17.4.2', '16.6.1' ],
858 silly audit   'dunder-proto': [ '1.0.1' ],
858 silly audit   eciesjs: [ '0.4.18' ],
858 silly audit   'ee-first': [ '1.1.1' ],
858 silly audit   'electron-to-chromium': [ '1.5.344' ],
858 silly audit   encodeurl: [ '2.0.0' ],
858 silly audit   'env-paths': [ '2.2.1' ],
858 silly audit   'error-ex': [ '1.3.4' ],
858 silly audit   'es-abstract': [ '1.24.2' ],
858 silly audit   'es-define-property': [ '1.0.1' ],
858 silly audit   'es-errors': [ '1.3.0' ],
858 silly audit   'es-iterator-helpers': [ '1.3.2' ],
858 silly audit   'es-module-lexer': [ '2.1.0' ],
858 silly audit   'es-object-atoms': [ '1.1.1' ],
858 silly audit   'es-set-tostringtag': [ '2.1.0' ],
858 silly audit   'es-shim-unscopables': [ '1.1.0' ],
858 silly audit   'es-to-primitive': [ '1.3.0' ],
858 silly audit   esbuild: [ '0.27.7' ],
858 silly audit   escalade: [ '3.2.0' ],
858 silly audit   'escape-html': [ '1.0.3' ],
858 silly audit   'escape-string-regexp': [ '4.0.0' ],
858 silly audit   eslint: [ '9.39.4' ],
858 silly audit   'eslint-config-next': [ '16.2.4' ],
858 silly audit   globals: [ '16.4.0', '14.0.0' ],
858 silly audit   'eslint-import-resolver-node': [ '0.3.10' ],
858 silly audit   'eslint-import-resolver-typescript': [ '3.10.1' ],
858 silly audit   'eslint-module-utils': [ '2.12.1' ],
858 silly audit   'eslint-plugin-import': [ '2.32.0' ],
858 silly audit   'eslint-plugin-jsx-a11y': [ '6.10.2' ],
858 silly audit   'eslint-plugin-react': [ '7.37.5' ],
858 silly audit   'eslint-plugin-react-hooks': [ '7.1.1' ],
858 silly audit   'eslint-scope': [ '8.4.0', '5.1.1' ],
858 silly audit   espree: [ '10.4.0' ],
858 silly audit   esprima: [ '4.0.1' ],
858 silly audit   esquery: [ '1.7.0' ],
858 silly audit   esrecurse: [ '4.3.0' ],
858 silly audit   estraverse: [ '5.3.0', '4.3.0' ],
858 silly audit   'estree-walker': [ '3.0.3', '2.0.2' ],
858 silly audit   esutils: [ '2.0.3' ],
858 silly audit   etag: [ '1.8.1' ],
858 silly audit   eventsource: [ '3.0.7' ],
858 silly audit   'eventsource-parser': [ '3.0.8' ],
858 silly audit   'expect-type': [ '1.3.0' ],
858 silly audit   express: [ '5.2.1' ],
858 silly audit   'express-rate-limit': [ '8.4.1' ],
858 silly audit   'fast-deep-equal': [ '3.1.3' ],
858 silly audit   'fast-json-stable-stringify': [ '2.1.0' ],
858 silly audit   'fast-levenshtein': [ '2.0.6' ],
858 silly audit   'fast-string-truncated-width': [ '3.0.3' ],
858 silly audit   'fast-string-width': [ '3.0.2' ],
858 silly audit   'fast-uri': [ '3.1.0' ],
858 silly audit   'fast-wrap-ansi': [ '0.2.0' ],
858 silly audit   fastq: [ '1.20.1' ],
858 silly audit   'fetch-blob': [ '3.2.0' ],
858 silly audit   figures: [ '6.1.0' ],
858 silly audit   'file-entry-cache': [ '8.0.0' ],
858 silly audit   'fill-range': [ '7.1.1' ],
858 silly audit   finalhandler: [ '2.1.1' ],
858 silly audit   'find-up': [ '5.0.0' ],
858 silly audit   'flat-cache': [ '4.0.1' ],
858 silly audit   flatted: [ '3.4.2' ],
858 silly audit   'for-each': [ '0.3.5' ],
858 silly audit   'formdata-polyfill': [ '4.0.10' ],
858 silly audit   forwarded: [ '0.2.0' ],
858 silly audit   fresh: [ '2.0.0' ],
858 silly audit   'fs-extra': [ '11.3.4' ],
858 silly audit   fsevents: [ '2.3.3' ],
858 silly audit   'function-bind': [ '1.1.2' ],
858 silly audit   'function.prototype.name': [ '1.1.8' ],
858 silly audit   'functions-have-names': [ '1.2.3' ],
858 silly audit   fuzzysort: [ '3.1.0' ],
858 silly audit   'generator-function': [ '2.0.1' ],
858 silly audit   gensync: [ '1.0.0-beta.2' ],
858 silly audit   'get-caller-file': [ '2.0.5' ],
858 silly audit   'get-east-asian-width': [ '1.5.0' ],
858 silly audit   'get-intrinsic': [ '1.3.0' ],
858 silly audit   'get-own-enumerable-keys': [ '1.0.0' ],
858 silly audit   'get-proto': [ '1.0.1' ],
858 silly audit   'get-symbol-description': [ '1.1.0' ],
858 silly audit   'get-tsconfig': [ '4.14.0' ],
858 silly audit   globalthis: [ '1.0.4' ],
858 silly audit   gopd: [ '1.2.0' ],
858 silly audit   'graceful-fs': [ '4.2.11' ],
858 silly audit   graphql: [ '16.13.2' ],
858 silly audit   'has-bigints': [ '1.1.0' ],
858 silly audit   'has-flag': [ '4.0.0' ],
858 silly audit   'has-property-descriptors': [ '1.0.2' ],
858 silly audit   'has-proto': [ '1.2.0' ],
858 silly audit   'has-symbols': [ '1.1.0' ],
858 silly audit   'has-tostringtag': [ '1.0.2' ],
858 silly audit   hasown: [ '2.0.3' ],
858 silly audit   'headers-polyfill': [ '5.0.1' ],
858 silly audit   'hermes-estree': [ '0.25.1' ],
858 silly audit   'hermes-parser': [ '0.25.1' ],
858 silly audit   hono: [ '4.12.15' ],
858 silly audit   'http-errors': [ '2.0.1' ],
858 silly audit   'https-proxy-agent': [ '7.0.6', '9.0.0', '5.0.1' ],
858 silly audit   'iceberg-js': [ '0.8.1' ],
858 silly audit   'iconv-lite': [ '0.7.2' ],
858 silly audit   'icu-minify': [ '4.11.0' ],
858 silly audit   'import-fresh': [ '3.3.1' ],
858 silly audit   imurmurhash: [ '0.1.4' ],
858 silly audit   inherits: [ '2.0.4' ],
858 silly audit   'internal-slot': [ '1.1.0' ],
858 silly audit   'intl-messageformat': [ '11.2.2' ],
858 silly audit   'ip-address': [ '10.1.0' ],
858 silly audit   'ipaddr.js': [ '1.9.1' ],
858 silly audit   'is-array-buffer': [ '3.0.5' ],
858 silly audit   'is-arrayish': [ '0.2.1' ],
858 silly audit   'is-async-function': [ '2.1.1' ],
858 silly audit   'is-bigint': [ '1.1.0' ],
858 silly audit   'is-boolean-object': [ '1.2.2' ],
858 silly audit   'is-bun-module': [ '2.0.0' ],
858 silly audit   'is-callable': [ '1.2.7' ],
858 silly audit   'is-core-module': [ '2.16.1' ],
858 silly audit   'is-data-view': [ '1.0.2' ],
858 silly audit   'is-date-object': [ '1.1.0' ],
858 silly audit   'is-docker': [ '3.0.0' ],
858 silly audit   'is-extglob': [ '2.1.1' ],
858 silly audit   'is-finalizationregistry': [ '1.1.1' ],
858 silly audit   'is-fullwidth-code-point': [ '3.0.0' ],
858 silly audit   'is-generator-function': [ '1.1.2' ],
858 silly audit   'is-glob': [ '4.0.3' ],
858 silly audit   'is-in-ssh': [ '1.0.0' ],
858 silly audit   'is-inside-container': [ '1.0.0' ],
858 silly audit   'is-interactive': [ '2.0.0' ],
858 silly audit   'is-map': [ '2.0.3' ],
858 silly audit   'is-negative-zero': [ '2.0.3' ],
858 silly audit   'is-node-process': [ '1.2.0' ],
858 silly audit   'is-number': [ '7.0.0' ],
858 silly audit   'is-number-object': [ '1.1.1' ],
858 silly audit   'is-obj': [ '3.0.0' ],
858 silly audit   'is-plain-obj': [ '4.1.0' ],
858 silly audit   'is-promise': [ '4.0.0' ],
858 silly audit   'is-regex': [ '1.2.1' ],
858 silly audit   'is-regexp': [ '3.1.0' ],
858 silly audit   'is-set': [ '2.0.3' ],
858 silly audit   'is-shared-array-buffer': [ '1.0.4' ],
858 silly audit   'is-string': [ '1.1.1' ],
858 silly audit   'is-symbol': [ '1.1.1' ],
858 silly audit   'is-typed-array': [ '1.1.15' ],
858 silly audit   'is-unicode-supported': [ '2.1.0', '1.3.0' ],
858 silly audit   'is-weakmap': [ '2.0.2' ],
858 silly audit   'is-weakref': [ '1.1.1' ],
858 silly audit   'is-weakset': [ '2.0.4' ],
858 silly audit   'is-wsl': [ '3.1.1' ],
858 silly audit   isarray: [ '2.0.5' ],
858 silly audit   'iterator.prototype': [ '1.1.5' ],
858 silly audit   jiti: [ '2.6.1' ],
858 silly audit   jose: [ '6.2.3' ],
858 silly audit   'js-tokens': [ '4.0.0' ],
858 silly audit   'js-yaml': [ '4.1.1' ],
858 silly audit   jsesc: [ '3.1.0' ],
858 silly audit   'json-buffer': [ '3.0.1' ],
858 silly audit   'json-parse-even-better-errors': [ '2.3.1' ],
858 silly audit   'json-schema-to-ts': [ '3.1.1' ],
858 silly audit   'json-schema-typed': [ '8.0.2' ],
858 silly audit   'json-stable-stringify-without-jsonify': [ '1.0.1' ],
858 silly audit   json5: [ '2.2.3', '1.0.2' ],
858 silly audit   jsonfile: [ '6.2.1' ],
858 silly audit   'jsx-ast-utils': [ '3.3.5' ],
858 silly audit   keyv: [ '4.5.4' ],
858 silly audit   kleur: [ '4.1.5', '3.0.3' ],
858 silly audit   'language-subtag-registry': [ '0.3.23' ],
858 silly audit   'language-tags': [ '1.0.9' ],
858 silly audit   levn: [ '0.4.1' ],
858 silly audit   lightningcss: [ '1.32.0' ],
858 silly audit   'lightningcss-android-arm64': [ '1.32.0' ],
858 silly audit   'lightningcss-darwin-arm64': [ '1.32.0' ],
858 silly audit   'lightningcss-darwin-x64': [ '1.32.0' ],
858 silly audit   'lightningcss-freebsd-x64': [ '1.32.0' ],
858 silly audit   'lightningcss-linux-arm-gnueabihf': [ '1.32.0' ],
858 silly audit   'lightningcss-linux-arm64-gnu': [ '1.32.0' ],
858 silly audit   'lightningcss-linux-arm64-musl': [ '1.32.0' ],
858 silly audit   'lightningcss-linux-x64-gnu': [ '1.32.0' ],
858 silly audit   'lightningcss-linux-x64-musl': [ '1.32.0' ],
858 silly audit   'lightningcss-win32-arm64-msvc': [ '1.32.0' ],
858 silly audit   'lightningcss-win32-x64-msvc': [ '1.32.0' ],
858 silly audit   'lines-and-columns': [ '1.2.4' ],
858 silly audit   'locate-path': [ '6.0.0' ],
858 silly audit   'lodash.merge': [ '4.6.2' ],
858 silly audit   'log-symbols': [ '6.0.0' ],
858 silly audit   'loose-envify': [ '1.4.0' ],
858 silly audit   'lru-cache': [ '5.1.1', '11.5.1' ],
858 silly audit   'lucide-react': [ '1.14.0' ],
858 silly audit   'magic-string': [ '0.30.21' ],
858 silly audit   'math-intrinsics': [ '1.1.0' ],
858 silly audit   'media-typer': [ '1.1.0' ],
858 silly audit   'merge-descriptors': [ '2.0.0' ],
858 silly audit   'merge-stream': [ '2.0.0' ],
858 silly audit   merge2: [ '1.4.1' ],
858 silly audit   micromatch: [ '4.0.8' ],
858 silly audit   'mime-db': [ '1.54.0' ],
858 silly audit   'mime-types': [ '3.0.2' ],
858 silly audit   'mimic-fn': [ '2.1.0' ],
858 silly audit   'mimic-function': [ '5.0.1' ],
858 silly audit   minimist: [ '1.2.8' ],
858 silly audit   minipass: [ '7.1.3' ],
858 silly audit   minizlib: [ '3.1.0' ],
858 silly audit   ms: [ '2.1.3' ],
858 silly audit   msw: [ '2.13.6' ],
858 silly audit   'mute-stream': [ '3.0.0' ],
858 silly audit   nanoid: [ '3.3.11' ],
858 silly audit   'napi-postinstall': [ '0.3.4' ],
858 silly audit   'natural-compare': [ '1.4.0' ],
858 silly audit   negotiator: [ '1.0.0' ],
858 silly audit   next: [ '16.2.4' ],
858 silly audit   'next-intl': [ '4.11.0' ],
858 silly audit   'next-intl-swc-plugin-extractor': [ '4.11.0' ],
858 silly audit   '@swc/core': [ '1.15.32' ],
858 silly audit   postcss: [ '8.4.31', '8.5.12' ],
858 silly audit   'node-addon-api': [ '7.1.1' ],
858 silly audit   'node-domexception': [ '1.0.0' ],
858 silly audit   'node-exports-info': [ '1.6.0' ],
858 silly audit   'node-fetch': [ '3.3.2', '2.7.0' ],
858 silly audit   'node-releases': [ '2.0.38' ],
858 silly audit   'npm-normalize-package-bin': [ '5.0.0' ],
858 silly audit   'path-key': [ '4.0.0', '3.1.1' ],
858 silly audit   'object-assign': [ '4.1.1' ],
858 silly audit   'object-inspect': [ '1.13.4' ],
858 silly audit   'object-keys': [ '1.1.1' ],
858 silly audit   'object-treeify': [ '1.1.33' ],
858 silly audit   'object.assign': [ '4.1.7' ],
858 silly audit   'object.entries': [ '1.1.9' ],
858 silly audit   'object.fromentries': [ '2.0.8' ],
858 silly audit   'object.groupby': [ '1.0.3' ],
858 silly audit   'object.values': [ '1.2.1' ],
858 silly audit   obug: [ '2.1.1' ],
858 silly audit   'on-finished': [ '2.4.1' ],
858 silly audit   once: [ '1.4.0' ],
858 silly audit   open: [ '11.0.0' ],
858 silly audit   optionator: [ '0.9.4' ],
858 silly audit   ora: [ '8.2.0' ],
858 silly audit   outvariant: [ '1.4.3' ],
858 silly audit   'own-keys': [ '1.0.1' ],
858 silly audit   'p-limit': [ '3.1.0' ],
858 silly audit   'p-locate': [ '5.0.0' ],
858 silly audit   'parent-module': [ '1.0.1' ],
858 silly audit   'parse-json': [ '5.2.0' ],
858 silly audit   'parse-ms': [ '4.0.0' ],
858 silly audit   parseurl: [ '1.3.3' ],
858 silly audit   'path-browserify': [ '1.0.1' ],
858 silly audit   'path-exists': [ '4.0.0' ],
858 silly audit   'path-parse': [ '1.0.7' ],
858 silly audit   'path-to-regexp': [ '6.3.0', '8.4.2' ],
858 silly audit   pathe: [ '2.0.3' ],
858 silly audit   pg: [ '8.20.0' ],
858 silly audit   'pg-cloudflare': [ '1.3.0' ],
858 silly audit   'pg-connection-string': [ '2.12.0' ],
858 silly audit   'pg-int8': [ '1.0.1' ],
858 silly audit   'pg-pool': [ '3.13.0' ],
858 silly audit   'pg-protocol': [ '1.13.0' ],
858 silly audit   'pg-types': [ '2.2.0' ],
858 silly audit   pgpass: [ '1.0.5' ],
858 silly audit   picocolors: [ '1.1.1' ],
858 silly audit   'pkce-challenge': [ '5.0.1' ],
858 silly audit   'po-parser': [ '2.1.1' ],
858 silly audit   'possible-typed-array-names': [ '1.1.0' ],
858 silly audit   'postcss-selector-parser': [ '7.1.1' ],
858 silly audit   'postgres-array': [ '2.0.0' ],
858 silly audit   'postgres-bytea': [ '1.0.1' ],
858 silly audit   'postgres-date': [ '1.0.7' ],
858 silly audit   'postgres-interval': [ '1.2.0' ],
858 silly audit   'powershell-utils': [ '0.1.0' ],
858 silly audit   'prelude-ls': [ '1.2.1' ],
858 silly audit   'pretty-ms': [ '9.3.0' ],
858 silly audit   'proc-log': [ '6.1.0' ],
858 silly audit   prompts: [ '2.4.2' ],
858 silly audit   'prop-types': [ '15.8.1' ],
858 silly audit   'proxy-addr': [ '2.0.7' ],
858 silly audit   punycode: [ '2.3.1' ],
858 silly audit   qs: [ '6.15.1' ],
858 silly audit   'queue-microtask': [ '1.2.3' ],
858 silly audit   'range-parser': [ '1.2.1' ],
858 silly audit   'raw-body': [ '3.0.2' ],
858 silly audit   react: [ '19.2.4' ],
858 silly audit   'react-dom': [ '19.2.4' ],
858 silly audit   'react-hook-form': [ '7.74.0' ],
858 silly audit   'react-is': [ '16.13.1' ],
858 silly audit   'read-cmd-shim': [ '6.0.0' ],
858 silly audit   recast: [ '0.23.11' ],
858 silly audit   'reflect.getprototypeof': [ '1.0.10' ],
858 silly audit   'regexp.prototype.flags': [ '1.5.4' ],
858 silly audit   'require-directory': [ '2.1.1' ],
858 silly audit   'require-from-string': [ '2.0.2' ],
858 silly audit   reselect: [ '5.1.1' ],
858 silly audit   resolve: [ '2.0.0-next.6' ],
858 silly audit   'resolve-from': [ '4.0.0' ],
858 silly audit   'resolve-pkg-maps': [ '1.0.0' ],
858 silly audit   'restore-cursor': [ '5.1.0' ],
858 silly audit   rettime: [ '0.11.8' ],
858 silly audit   reusify: [ '1.1.0' ],
858 silly audit   rolldown: [ '1.0.0-rc.17' ],
858 silly audit   router: [ '2.2.0' ],
858 silly audit   'run-applescript': [ '7.1.0' ],
858 silly audit   'run-parallel': [ '1.2.0' ],
858 silly audit   'safe-array-concat': [ '1.1.4' ],
858 silly audit   'safe-push-apply': [ '1.0.0' ],
858 silly audit   'safe-regex-test': [ '1.1.0' ],
858 silly audit   'safer-buffer': [ '2.1.2' ],
858 silly audit   scheduler: [ '0.27.0' ],
858 silly audit   send: [ '1.2.1' ],
858 silly audit   'serve-static': [ '2.2.1' ],
858 silly audit   'set-cookie-parser': [ '3.1.0' ],
858 silly audit   'set-function-length': [ '1.2.2' ],
858 silly audit   'set-function-name': [ '2.0.2' ],
858 silly audit   'set-proto': [ '1.0.0' ],
858 silly audit   setprototypeof: [ '1.2.0' ],
858 silly audit   shadcn: [ '4.6.0' ],
858 silly audit   'tsconfig-paths': [ '4.2.0', '3.15.0' ],
858 silly audit   zod: [ '3.25.76', '4.3.6' ],
858 silly audit   sharp: [ '0.34.5' ],
858 silly audit   'shebang-command': [ '2.0.0' ],
858 silly audit   'shebang-regex': [ '3.0.0' ],
858 silly audit   'side-channel': [ '1.1.0' ],
858 silly audit   'side-channel-list': [ '1.0.1' ],
858 silly audit   'side-channel-map': [ '1.0.1' ],
858 silly audit   'side-channel-weakmap': [ '1.0.2' ],
858 silly audit   siginfo: [ '2.0.0' ],
858 silly audit   sisteransi: [ '1.0.5' ],
858 silly audit   'source-map': [ '0.6.1' ],
858 silly audit   'source-map-js': [ '1.2.1' ],
858 silly audit   split2: [ '4.2.0' ],
858 silly audit   'stable-hash': [ '0.0.5' ],
858 silly audit   stackback: [ '0.0.2' ],
858 silly audit   statuses: [ '2.0.2' ],
858 silly audit   'std-env': [ '4.1.0' ],
858 silly audit   'stdin-discarder': [ '0.2.2' ],
858 silly audit   'stop-iteration-iterator': [ '1.1.0' ],
858 silly audit   'strict-event-emitter': [ '0.5.1' ],
858 silly audit   'string.prototype.includes': [ '2.0.1' ],
858 silly audit   'string.prototype.matchall': [ '4.0.12' ],
858 silly audit   'string.prototype.repeat': [ '1.0.0' ],
858 silly audit   'string.prototype.trim': [ '1.2.10' ],
858 silly audit   'string.prototype.trimend': [ '1.0.9' ],
858 silly audit   'string.prototype.trimstart': [ '1.0.8' ],
858 silly audit   'stringify-object': [ '5.0.0' ],
858 silly audit   'strip-bom': [ '3.0.0' ],
858 silly audit   'strip-json-comments': [ '3.1.1' ],
858 silly audit   stripe: [ '22.1.1' ],
858 silly audit   'styled-jsx': [ '5.1.6' ],
858 silly audit   supabase: [ '2.97.0' ],
858 silly audit   'supports-color': [ '7.2.0', '8.1.1' ],
858 silly audit   'supports-preserve-symlinks-flag': [ '1.0.0' ],
858 silly audit   'tagged-tag': [ '1.0.0' ],
858 silly audit   'tailwind-merge': [ '3.5.0' ],
858 silly audit   tailwindcss: [ '4.2.4' ],
858 silly audit   tapable: [ '2.3.3' ],
858 silly audit   tar: [ '7.5.13' ],
858 silly audit   yallist: [ '5.0.0', '3.1.1' ],
858 silly audit   'tiny-invariant': [ '1.3.3' ],
858 silly audit   tinybench: [ '2.9.0' ],
858 silly audit   tinyexec: [ '1.1.2' ],
858 silly audit   tinyglobby: [ '0.2.16' ],
858 silly audit   tinyrainbow: [ '3.1.0' ],
858 silly audit   tldts: [ '7.0.29' ],
858 silly audit   'tldts-core': [ '7.0.29' ],
858 silly audit   'to-regex-range': [ '5.0.1' ],
858 silly audit   toidentifier: [ '1.0.1' ],
858 silly audit   'tough-cookie': [ '6.0.1' ],
858 silly audit   'ts-algebra': [ '2.0.0' ],
858 silly audit   'ts-api-utils': [ '2.5.0' ],
858 silly audit   'ts-morph': [ '26.0.0' ],
858 silly audit   tslib: [ '2.8.1' ],
858 silly audit   tsx: [ '4.21.0' ],
858 silly audit   'tw-animate-css': [ '1.4.0' ],
858 silly audit   'type-check': [ '0.4.0' ],
858 silly audit   'type-fest': [ '5.6.0', '0.7.1' ],
858 silly audit   'type-is': [ '2.0.1' ],
858 silly audit   'typed-array-buffer': [ '1.0.3' ],
858 silly audit   'typed-array-byte-length': [ '1.0.3' ],
858 silly audit   'typed-array-byte-offset': [ '1.0.4' ],
858 silly audit   'typed-array-length': [ '1.0.7' ],
858 silly audit   typescript: [ '5.9.3' ],
858 silly audit   'typescript-eslint': [ '8.59.1' ],
858 silly audit   'unbox-primitive': [ '1.1.0' ],
858 silly audit   undici: [ '8.2.0' ],
858 silly audit   'undici-types': [ '6.21.0' ],
858 silly audit   'unicorn-magic': [ '0.3.0' ],
858 silly audit   universalify: [ '2.0.1' ],
858 silly audit   unpipe: [ '1.0.0' ],
858 silly audit   'unrs-resolver': [ '1.11.1' ],
858 silly audit   'until-async': [ '3.0.2' ],
858 silly audit   'update-browserslist-db': [ '1.2.3' ],
858 silly audit   'uri-js': [ '4.4.1' ],
858 silly audit   'use-intl': [ '4.11.0' ],
858 silly audit   'use-sync-external-store': [ '1.6.0' ],
858 silly audit   'util-deprecate': [ '1.0.2' ],
858 silly audit   'validate-npm-package-name': [ '7.0.2' ],
858 silly audit   vary: [ '1.1.2' ],
858 silly audit   vite: [ '8.0.10' ],
858 silly audit   vitest: [ '4.1.5' ],
858 silly audit   'web-streams-polyfill': [ '3.3.3' ],
858 silly audit   'which-boxed-primitive': [ '1.1.1' ],
858 silly audit   'which-builtin-type': [ '1.2.1' ],
858 silly audit   'which-collection': [ '1.0.2' ],
858 silly audit   'which-typed-array': [ '1.1.20' ],
858 silly audit   'why-is-node-running': [ '2.3.0' ],
858 silly audit   'word-wrap': [ '1.2.5' ],
858 silly audit   'wrap-ansi': [ '7.0.0' ],
858 silly audit   wrappy: [ '1.0.2' ],
858 silly audit   'write-file-atomic': [ '7.0.1' ],
858 silly audit   ws: [ '8.20.0' ],
858 silly audit   'wsl-utils': [ '0.3.1' ],
858 silly audit   xtend: [ '4.0.2' ],
858 silly audit   y18n: [ '5.0.8' ],
858 silly audit   yargs: [ '17.7.2' ],
858 silly audit   'yargs-parser': [ '21.1.1' ],
858 silly audit   'yocto-queue': [ '0.1.0' ],
858 silly audit   'yocto-spinner': [ '1.1.0' ],
858 silly audit   yoctocolors: [ '2.1.2' ],
858 silly audit   'zod-to-json-schema': [ '3.25.2' ],
858 silly audit   'zod-validation-error': [ '4.0.2' ],
858 silly audit   '@sentry/nextjs': [ '10.55.0' ],
858 silly audit   '@vercel/analytics': [ '2.0.1' ],
858 silly audit   '@vercel/speed-insights': [ '2.0.0' ],
858 silly audit   '@opentelemetry/api': [ '1.9.1' ],
858 silly audit   '@opentelemetry/semantic-conventions': [ '1.41.1' ],
858 silly audit   '@rollup/plugin-commonjs': [ '28.0.1' ],
858 silly audit   '@sentry-internal/browser-utils': [ '10.55.0' ],
858 silly audit   '@sentry/bundler-plugin-core': [ '5.3.0' ],
858 silly audit   '@sentry/core': [ '10.55.0' ],
858 silly audit   '@sentry/node': [ '10.55.0' ],
858 silly audit   '@sentry/opentelemetry': [ '10.55.0' ],
858 silly audit   '@opentelemetry/core': [ '2.7.1' ],
858 silly audit   '@opentelemetry/sdk-trace-base': [ '2.7.1' ],
858 silly audit   '@sentry/react': [ '10.55.0' ],
858 silly audit   '@sentry/vercel-edge': [ '10.55.0' ],
858 silly audit   '@sentry/webpack-plugin': [ '5.3.0' ],
858 silly audit   webpack: [ '5.107.2' ],
858 silly audit   rollup: [ '4.60.4' ],
858 silly audit   'stacktrace-parser': [ '0.1.11' ],
858 silly audit   '@opentelemetry/resources': [ '2.7.1' ],
858 silly audit   '@rollup/pluginutils': [ '5.4.0' ],
858 silly audit   commondir: [ '1.0.1' ],
858 silly audit   'is-reference': [ '1.2.1' ],
858 silly audit   '@sentry/babel-plugin-component-annotate': [ '5.3.0' ],
858 silly audit   '@sentry/cli': [ '2.58.6' ],
858 silly audit   glob: [ '13.0.6' ],
858 silly audit   '@sentry/cli-darwin': [ '2.58.6' ],
858 silly audit   '@sentry/cli-linux-arm': [ '2.58.6' ],
858 silly audit   '@sentry/cli-linux-arm64': [ '2.58.6' ],
858 silly audit   '@sentry/cli-linux-i686': [ '2.58.6' ],
858 silly audit   '@sentry/cli-linux-x64': [ '2.58.6' ],
858 silly audit   '@sentry/cli-win32-arm64': [ '2.58.6' ],
858 silly audit   '@sentry/cli-win32-i686': [ '2.58.6' ],
858 silly audit   '@sentry/cli-win32-x64': [ '2.58.6' ],
858 silly audit   progress: [ '2.0.3' ],
858 silly audit   'proxy-from-env': [ '1.1.0' ],
858 silly audit   '@opentelemetry/instrumentation': [ '0.214.0' ],
858 silly audit   '@sentry/node-core': [ '10.55.0' ],
858 silly audit   'import-in-the-middle': [ '3.0.1' ],
858 silly audit   '@opentelemetry/api-logs': [ '0.214.0' ],
858 silly audit   'require-in-the-middle': [ '8.0.1' ],
858 silly audit   '@sentry/browser': [ '10.55.0' ],
858 silly audit   '@sentry-internal/feedback': [ '10.55.0' ],
858 silly audit   '@sentry-internal/replay': [ '10.55.0' ],
858 silly audit   '@sentry-internal/replay-canvas': [ '10.55.0' ],
858 silly audit   'path-scurry': [ '2.0.2' ],
858 silly audit   'acorn-import-attributes': [ '1.9.5' ],
858 silly audit   'cjs-module-lexer': [ '2.2.0' ],
858 silly audit   'module-details-from-path': [ '1.0.4' ],
858 silly audit   '@rollup/rollup-android-arm-eabi': [ '4.60.4' ],
858 silly audit   '@rollup/rollup-android-arm64': [ '4.60.4' ],
858 silly audit   '@rollup/rollup-darwin-arm64': [ '4.60.4' ],
858 silly audit   '@rollup/rollup-darwin-x64': [ '4.60.4' ],
858 silly audit   '@rollup/rollup-freebsd-arm64': [ '4.60.4' ],
858 silly audit   '@rollup/rollup-freebsd-x64': [ '4.60.4' ],
858 silly audit   '@rollup/rollup-linux-arm-gnueabihf': [ '4.60.4' ],
858 silly audit   '@rollup/rollup-linux-arm-musleabihf': [ '4.60.4' ],
858 silly audit   '@rollup/rollup-linux-arm64-gnu': [ '4.60.4' ],
858 silly audit   '@rollup/rollup-linux-arm64-musl': [ '4.60.4' ],
858 silly audit   '@rollup/rollup-linux-loong64-gnu': [ '4.60.4' ],
858 silly audit   '@rollup/rollup-linux-loong64-musl': [ '4.60.4' ],
858 silly audit   '@rollup/rollup-linux-ppc64-gnu': [ '4.60.4' ],
858 silly audit   '@rollup/rollup-linux-ppc64-musl': [ '4.60.4' ],
858 silly audit   '@rollup/rollup-linux-riscv64-gnu': [ '4.60.4' ],
858 silly audit   '@rollup/rollup-linux-riscv64-musl': [ '4.60.4' ],
858 silly audit   '@rollup/rollup-linux-s390x-gnu': [ '4.60.4' ],
858 silly audit   '@rollup/rollup-linux-x64-gnu': [ '4.60.4' ],
858 silly audit   '@rollup/rollup-linux-x64-musl': [ '4.60.4' ],
858 silly audit   '@rollup/rollup-openbsd-x64': [ '4.60.4' ],
858 silly audit   '@rollup/rollup-openharmony-arm64': [ '4.60.4' ],
858 silly audit   '@rollup/rollup-win32-arm64-msvc': [ '4.60.4' ],
858 silly audit   '@rollup/rollup-win32-ia32-msvc': [ '4.60.4' ],
858 silly audit   '@rollup/rollup-win32-x64-gnu': [ '4.60.4' ],
858 silly audit   '@rollup/rollup-win32-x64-msvc': [ '4.60.4' ],
858 silly audit   '@webassemblyjs/ast': [ '1.14.1' ],
858 silly audit   '@webassemblyjs/wasm-edit': [ '1.14.1' ],
858 silly audit   '@webassemblyjs/wasm-parser': [ '1.14.1' ],
858 silly audit   'acorn-import-phases': [ '1.0.4' ],
858 silly audit   'chrome-trace-event': [ '1.0.4' ],
858 silly audit   'enhanced-resolve': [ '5.22.1' ],
858 silly audit   events: [ '3.3.0' ],
858 silly audit   'glob-to-regexp': [ '0.4.1' ],
858 silly audit   'loader-runner': [ '4.3.2' ],
858 silly audit   'neo-async': [ '2.6.2' ],
858 silly audit   'schema-utils': [ '4.3.3' ],
858 silly audit   'terser-webpack-plugin': [ '5.6.1' ],
858 silly audit   watchpack: [ '2.5.1' ],
858 silly audit   'webpack-sources': [ '3.5.0' ],
858 silly audit   '@webassemblyjs/helper-numbers': [ '1.13.2' ],
858 silly audit   '@webassemblyjs/helper-wasm-bytecode': [ '1.13.2' ],
858 silly audit   '@webassemblyjs/floating-point-hex-parser': [ '1.13.2' ],
858 silly audit   '@webassemblyjs/helper-api-error': [ '1.13.2' ],
858 silly audit   '@xtuc/long': [ '4.2.2' ],
858 silly audit   '@webassemblyjs/helper-buffer': [ '1.14.1' ],
858 silly audit   '@webassemblyjs/helper-wasm-section': [ '1.14.1' ],
858 silly audit   '@webassemblyjs/wasm-gen': [ '1.14.1' ],
858 silly audit   '@webassemblyjs/wasm-opt': [ '1.14.1' ],
858 silly audit   '@webassemblyjs/wast-printer': [ '1.14.1' ],
858 silly audit   '@webassemblyjs/ieee754': [ '1.13.2' ],
858 silly audit   '@webassemblyjs/leb128': [ '1.13.2' ],
858 silly audit   '@webassemblyjs/utf8': [ '1.13.2' ],
858 silly audit   '@xtuc/ieee754': [ '1.2.0' ],
858 silly audit   'ajv-keywords': [ '5.1.0' ],
858 silly audit   'jest-worker': [ '27.5.1' ],
858 silly audit   terser: [ '5.48.0' ],
858 silly audit   '@jridgewell/source-map': [ '0.3.11' ],
858 silly audit   'source-map-support': [ '0.5.21' ],
858 silly audit   'buffer-from': [ '1.1.2' ],
858 silly audit   'whatwg-url': [ '5.0.0' ],
858 silly audit   tr46: [ '0.0.3' ],
858 silly audit   'webidl-conversions': [ '3.0.1' ]
858 silly audit }
859 http cache webidl-conversions@https://registry.npmjs.org/webidl-conversions/-/webidl-conversions-3.0.1.tgz 0ms (cache hit)
860 http cache tr46@https://registry.npmjs.org/tr46/-/tr46-0.0.3.tgz 0ms (cache hit)
861 http cache whatwg-url@https://registry.npmjs.org/whatwg-url/-/whatwg-url-5.0.0.tgz 0ms (cache hit)
862 http cache buffer-from@https://registry.npmjs.org/buffer-from/-/buffer-from-1.1.2.tgz 0ms (cache hit)
863 http cache source-map-support@https://registry.npmjs.org/source-map-support/-/source-map-support-0.5.21.tgz 0ms (cache hit)
864 http cache @jridgewell/source-map@https://registry.npmjs.org/@jridgewell/source-map/-/source-map-0.3.11.tgz 0ms (cache hit)
865 http cache jest-worker@https://registry.npmjs.org/jest-worker/-/jest-worker-27.5.1.tgz 0ms (cache hit)
866 http cache terser@https://registry.npmjs.org/terser/-/terser-5.48.0.tgz 0ms (cache hit)
867 http cache @webassemblyjs/leb128@https://registry.npmjs.org/@webassemblyjs/leb128/-/leb128-1.13.2.tgz 0ms (cache hit)
868 http cache @xtuc/ieee754@https://registry.npmjs.org/@xtuc/ieee754/-/ieee754-1.2.0.tgz 0ms (cache hit)
869 http cache @webassemblyjs/utf8@https://registry.npmjs.org/@webassemblyjs/utf8/-/utf8-1.13.2.tgz 0ms (cache hit)
870 http cache @webassemblyjs/ieee754@https://registry.npmjs.org/@webassemblyjs/ieee754/-/ieee754-1.13.2.tgz 0ms (cache hit)
871 http cache @webassemblyjs/wast-printer@https://registry.npmjs.org/@webassemblyjs/wast-printer/-/wast-printer-1.14.1.tgz 0ms (cache hit)
872 http cache @webassemblyjs/wasm-opt@https://registry.npmjs.org/@webassemblyjs/wasm-opt/-/wasm-opt-1.14.1.tgz 0ms (cache hit)
873 http cache @webassemblyjs/wasm-gen@https://registry.npmjs.org/@webassemblyjs/wasm-gen/-/wasm-gen-1.14.1.tgz 0ms (cache hit)
874 http cache @webassemblyjs/helper-wasm-section@https://registry.npmjs.org/@webassemblyjs/helper-wasm-section/-/helper-wasm-section-1.14.1.tgz 0ms (cache hit)
875 http cache @webassemblyjs/helper-buffer@https://registry.npmjs.org/@webassemblyjs/helper-buffer/-/helper-buffer-1.14.1.tgz 0ms (cache hit)
876 http cache @webassemblyjs/helper-api-error@https://registry.npmjs.org/@webassemblyjs/helper-api-error/-/helper-api-error-1.13.2.tgz 0ms (cache hit)
877 http cache @xtuc/long@https://registry.npmjs.org/@xtuc/long/-/long-4.2.2.tgz 0ms (cache hit)
878 http cache @webassemblyjs/floating-point-hex-parser@https://registry.npmjs.org/@webassemblyjs/floating-point-hex-parser/-/floating-point-hex-parser-1.13.2.tgz 0ms (cache hit)
879 http cache @webassemblyjs/helper-wasm-bytecode@https://registry.npmjs.org/@webassemblyjs/helper-wasm-bytecode/-/helper-wasm-bytecode-1.13.2.tgz 0ms (cache hit)
880 http cache webpack-sources@https://registry.npmjs.org/webpack-sources/-/webpack-sources-3.5.0.tgz 0ms (cache hit)
881 http cache @webassemblyjs/helper-numbers@https://registry.npmjs.org/@webassemblyjs/helper-numbers/-/helper-numbers-1.13.2.tgz 0ms (cache hit)
882 http cache terser-webpack-plugin@https://registry.npmjs.org/terser-webpack-plugin/-/terser-webpack-plugin-5.6.1.tgz 0ms (cache hit)
883 http cache watchpack@https://registry.npmjs.org/watchpack/-/watchpack-2.5.1.tgz 0ms (cache hit)
884 http cache schema-utils@https://registry.npmjs.org/schema-utils/-/schema-utils-4.3.3.tgz 0ms (cache hit)
885 http cache neo-async@https://registry.npmjs.org/neo-async/-/neo-async-2.6.2.tgz 0ms (cache hit)
886 http cache loader-runner@https://registry.npmjs.org/loader-runner/-/loader-runner-4.3.2.tgz 0ms (cache hit)
887 http cache glob-to-regexp@https://registry.npmjs.org/glob-to-regexp/-/glob-to-regexp-0.4.1.tgz 0ms (cache hit)
888 http cache acorn-import-phases@https://registry.npmjs.org/acorn-import-phases/-/acorn-import-phases-1.0.4.tgz 0ms (cache hit)
889 http cache chrome-trace-event@https://registry.npmjs.org/chrome-trace-event/-/chrome-trace-event-1.0.4.tgz 0ms (cache hit)
890 http cache events@https://registry.npmjs.org/events/-/events-3.3.0.tgz 0ms (cache hit)
891 http cache @webassemblyjs/wasm-parser@https://registry.npmjs.org/@webassemblyjs/wasm-parser/-/wasm-parser-1.14.1.tgz 0ms (cache hit)
892 http cache @webassemblyjs/wasm-edit@https://registry.npmjs.org/@webassemblyjs/wasm-edit/-/wasm-edit-1.14.1.tgz 0ms (cache hit)
893 http cache @webassemblyjs/ast@https://registry.npmjs.org/@webassemblyjs/ast/-/ast-1.14.1.tgz 0ms (cache hit)
894 http cache @rollup/rollup-win32-x64-msvc@https://registry.npmjs.org/@rollup/rollup-win32-x64-msvc/-/rollup-win32-x64-msvc-4.60.4.tgz 0ms (cache hit)
895 http cache @rollup/rollup-win32-x64-gnu@https://registry.npmjs.org/@rollup/rollup-win32-x64-gnu/-/rollup-win32-x64-gnu-4.60.4.tgz 0ms (cache hit)
896 http cache module-details-from-path@https://registry.npmjs.org/module-details-from-path/-/module-details-from-path-1.0.4.tgz 0ms (cache hit)
897 http cache cjs-module-lexer@https://registry.npmjs.org/cjs-module-lexer/-/cjs-module-lexer-2.2.0.tgz 0ms (cache hit)
898 http cache @sentry-internal/replay-canvas@https://registry.npmjs.org/@sentry-internal/replay-canvas/-/replay-canvas-10.55.0.tgz 0ms (cache hit)
899 http cache path-scurry@https://registry.npmjs.org/path-scurry/-/path-scurry-2.0.2.tgz 0ms (cache hit)
900 http cache acorn-import-attributes@https://registry.npmjs.org/acorn-import-attributes/-/acorn-import-attributes-1.9.5.tgz 0ms (cache hit)
901 http cache @sentry-internal/replay@https://registry.npmjs.org/@sentry-internal/replay/-/replay-10.55.0.tgz 0ms (cache hit)
902 http cache @sentry-internal/feedback@https://registry.npmjs.org/@sentry-internal/feedback/-/feedback-10.55.0.tgz 0ms (cache hit)
903 http cache require-in-the-middle@https://registry.npmjs.org/require-in-the-middle/-/require-in-the-middle-8.0.1.tgz 0ms (cache hit)
904 http cache @sentry/browser@https://registry.npmjs.org/@sentry/browser/-/browser-10.55.0.tgz 0ms (cache hit)
905 http cache import-in-the-middle@https://registry.npmjs.org/import-in-the-middle/-/import-in-the-middle-3.0.1.tgz 0ms (cache hit)
906 http cache @opentelemetry/api-logs@https://registry.npmjs.org/@opentelemetry/api-logs/-/api-logs-0.214.0.tgz 0ms (cache hit)
907 http cache @sentry/node-core@https://registry.npmjs.org/@sentry/node-core/-/node-core-10.55.0.tgz 0ms (cache hit)
908 http cache proxy-from-env@https://registry.npmjs.org/proxy-from-env/-/proxy-from-env-1.1.0.tgz 0ms (cache hit)
909 http cache @opentelemetry/instrumentation@https://registry.npmjs.org/@opentelemetry/instrumentation/-/instrumentation-0.214.0.tgz 0ms (cache hit)
910 http cache progress@https://registry.npmjs.org/progress/-/progress-2.0.3.tgz 0ms (cache hit)
911 http cache glob@https://registry.npmjs.org/glob/-/glob-13.0.6.tgz 0ms (cache hit)
912 http cache @sentry/cli-win32-x64@https://registry.npmjs.org/@sentry/cli-win32-x64/-/cli-win32-x64-2.58.6.tgz 0ms (cache hit)
913 http cache @sentry/cli@https://registry.npmjs.org/@sentry/cli/-/cli-2.58.6.tgz 0ms (cache hit)
914 http cache @sentry/babel-plugin-component-annotate@https://registry.npmjs.org/@sentry/babel-plugin-component-annotate/-/babel-plugin-component-annotate-5.3.0.tgz 0ms (cache hit)
915 http cache is-reference@https://registry.npmjs.org/is-reference/-/is-reference-1.2.1.tgz 0ms (cache hit)
916 http cache commondir@https://registry.npmjs.org/commondir/-/commondir-1.0.1.tgz 0ms (cache hit)
917 http cache @opentelemetry/resources@https://registry.npmjs.org/@opentelemetry/resources/-/resources-2.7.1.tgz 0ms (cache hit)
918 http cache stacktrace-parser@https://registry.npmjs.org/stacktrace-parser/-/stacktrace-parser-0.1.11.tgz 0ms (cache hit)
919 http cache @rollup/pluginutils@https://registry.npmjs.org/@rollup/pluginutils/-/pluginutils-5.4.0.tgz 0ms (cache hit)
920 http cache @sentry/webpack-plugin@https://registry.npmjs.org/@sentry/webpack-plugin/-/webpack-plugin-5.3.0.tgz 0ms (cache hit)
921 http cache rollup@https://registry.npmjs.org/rollup/-/rollup-4.60.4.tgz 0ms (cache hit)
922 http cache webpack@https://registry.npmjs.org/webpack/-/webpack-5.107.2.tgz 0ms (cache hit)
923 http cache @sentry/vercel-edge@https://registry.npmjs.org/@sentry/vercel-edge/-/vercel-edge-10.55.0.tgz 0ms (cache hit)
924 http cache @sentry/react@https://registry.npmjs.org/@sentry/react/-/react-10.55.0.tgz 0ms (cache hit)
925 http cache @opentelemetry/core@https://registry.npmjs.org/@opentelemetry/core/-/core-2.7.1.tgz 0ms (cache hit)
926 http cache @opentelemetry/sdk-trace-base@https://registry.npmjs.org/@opentelemetry/sdk-trace-base/-/sdk-trace-base-2.7.1.tgz 0ms (cache hit)
927 http cache @sentry/opentelemetry@https://registry.npmjs.org/@sentry/opentelemetry/-/opentelemetry-10.55.0.tgz 0ms (cache hit)
928 http cache @sentry/node@https://registry.npmjs.org/@sentry/node/-/node-10.55.0.tgz 0ms (cache hit)
929 http cache @sentry/core@https://registry.npmjs.org/@sentry/core/-/core-10.55.0.tgz 0ms (cache hit)
930 http cache @sentry/bundler-plugin-core@https://registry.npmjs.org/@sentry/bundler-plugin-core/-/bundler-plugin-core-5.3.0.tgz 0ms (cache hit)
931 http cache @sentry-internal/browser-utils@https://registry.npmjs.org/@sentry-internal/browser-utils/-/browser-utils-10.55.0.tgz 0ms (cache hit)
932 http cache @rollup/plugin-commonjs@https://registry.npmjs.org/@rollup/plugin-commonjs/-/plugin-commonjs-28.0.1.tgz 0ms (cache hit)
933 http cache @opentelemetry/semantic-conventions@https://registry.npmjs.org/@opentelemetry/semantic-conventions/-/semantic-conventions-1.41.1.tgz 0ms (cache hit)
934 http cache @opentelemetry/api@https://registry.npmjs.org/@opentelemetry/api/-/api-1.9.1.tgz 0ms (cache hit)
935 http cache @vercel/analytics@https://registry.npmjs.org/@vercel/analytics/-/analytics-2.0.1.tgz 0ms (cache hit)
936 http cache @vercel/speed-insights@https://registry.npmjs.org/@vercel/speed-insights/-/speed-insights-2.0.0.tgz 0ms (cache hit)
937 http cache @sentry/nextjs@https://registry.npmjs.org/@sentry/nextjs/-/nextjs-10.55.0.tgz 0ms (cache hit)
938 http cache enhanced-resolve@https://registry.npmjs.org/enhanced-resolve/-/enhanced-resolve-5.22.1.tgz 0ms (cache hit)
939 http cache commander@https://registry.npmjs.org/commander/-/commander-2.20.3.tgz 0ms (cache hit)
940 http cache supports-color@https://registry.npmjs.org/supports-color/-/supports-color-8.1.1.tgz 0ms (cache hit)
941 http cache json-schema-traverse@https://registry.npmjs.org/json-schema-traverse/-/json-schema-traverse-1.0.0.tgz 0ms (cache hit)
942 http cache ajv-keywords@https://registry.npmjs.org/ajv-keywords/-/ajv-keywords-5.1.0.tgz 0ms (cache hit)
943 http cache ajv-formats@https://registry.npmjs.org/ajv-formats/-/ajv-formats-2.1.1.tgz 0ms (cache hit)
944 http cache ajv@https://registry.npmjs.org/ajv/-/ajv-8.20.0.tgz 0ms (cache hit)
945 http cache balanced-match@https://registry.npmjs.org/balanced-match/-/balanced-match-4.0.4.tgz 0ms (cache hit)
946 http cache lru-cache@https://registry.npmjs.org/lru-cache/-/lru-cache-11.5.1.tgz 0ms (cache hit)
947 http cache minimatch@https://registry.npmjs.org/minimatch/-/minimatch-10.2.5.tgz 0ms (cache hit)
948 http cache brace-expansion@https://registry.npmjs.org/brace-expansion/-/brace-expansion-5.0.6.tgz 0ms (cache hit)
949 http cache node-fetch@https://registry.npmjs.org/node-fetch/-/node-fetch-2.7.0.tgz 0ms (cache hit)
950 http cache agent-base@https://registry.npmjs.org/agent-base/-/agent-base-6.0.2.tgz 0ms (cache hit)
951 http cache https-proxy-agent@https://registry.npmjs.org/https-proxy-agent/-/https-proxy-agent-5.0.1.tgz 0ms (cache hit)
952 http cache picomatch@https://registry.npmjs.org/picomatch/-/picomatch-4.0.4.tgz 0ms (cache hit)
953 http cache estree-walker@https://registry.npmjs.org/estree-walker/-/estree-walker-2.0.2.tgz 0ms (cache hit)
954 http cache type-fest@https://registry.npmjs.org/type-fest/-/type-fest-0.7.1.tgz 0ms (cache hit)
955 http cache estraverse@https://registry.npmjs.org/estraverse/-/estraverse-4.3.0.tgz 0ms (cache hit)
956 http cache eslint-scope@https://registry.npmjs.org/eslint-scope/-/eslint-scope-5.1.1.tgz 0ms (cache hit)
957 http cache dotenv@https://registry.npmjs.org/dotenv/-/dotenv-16.6.1.tgz 0ms (cache hit)
958 http cache fdir@https://registry.npmjs.org/fdir/-/fdir-6.5.0.tgz 0ms (cache hit)
959 http cache picomatch@https://registry.npmjs.org/picomatch/-/picomatch-4.0.4.tgz 0ms (cache hit)
960 http cache estree-walker@https://registry.npmjs.org/estree-walker/-/estree-walker-2.0.2.tgz 0ms (cache hit)
961 silly tarball no local data for webidl-conversions@https://registry.npmjs.org/webidl-conversions/-/webidl-conversions-3.0.1.tgz. Extracting by manifest.
962 silly tarball no local data for tr46@https://registry.npmjs.org/tr46/-/tr46-0.0.3.tgz. Extracting by manifest.
963 silly tarball no local data for whatwg-url@https://registry.npmjs.org/whatwg-url/-/whatwg-url-5.0.0.tgz. Extracting by manifest.
964 silly tarball no local data for buffer-from@https://registry.npmjs.org/buffer-from/-/buffer-from-1.1.2.tgz. Extracting by manifest.
965 silly tarball no local data for source-map-support@https://registry.npmjs.org/source-map-support/-/source-map-support-0.5.21.tgz. Extracting by manifest.
966 silly tarball no local data for @jridgewell/source-map@https://registry.npmjs.org/@jridgewell/source-map/-/source-map-0.3.11.tgz. Extracting by manifest.
967 silly tarball no local data for jest-worker@https://registry.npmjs.org/jest-worker/-/jest-worker-27.5.1.tgz. Extracting by manifest.
968 silly tarball no local data for terser@https://registry.npmjs.org/terser/-/terser-5.48.0.tgz. Extracting by manifest.
969 silly tarball no local data for @webassemblyjs/leb128@https://registry.npmjs.org/@webassemblyjs/leb128/-/leb128-1.13.2.tgz. Extracting by manifest.
970 silly tarball no local data for @xtuc/ieee754@https://registry.npmjs.org/@xtuc/ieee754/-/ieee754-1.2.0.tgz. Extracting by manifest.
971 silly tarball no local data for @webassemblyjs/utf8@https://registry.npmjs.org/@webassemblyjs/utf8/-/utf8-1.13.2.tgz. Extracting by manifest.
972 silly tarball no local data for @webassemblyjs/ieee754@https://registry.npmjs.org/@webassemblyjs/ieee754/-/ieee754-1.13.2.tgz. Extracting by manifest.
973 silly tarball no local data for @webassemblyjs/wast-printer@https://registry.npmjs.org/@webassemblyjs/wast-printer/-/wast-printer-1.14.1.tgz. Extracting by manifest.
974 silly tarball no local data for @webassemblyjs/wasm-opt@https://registry.npmjs.org/@webassemblyjs/wasm-opt/-/wasm-opt-1.14.1.tgz. Extracting by manifest.
975 silly tarball no local data for @webassemblyjs/wasm-gen@https://registry.npmjs.org/@webassemblyjs/wasm-gen/-/wasm-gen-1.14.1.tgz. Extracting by manifest.
976 silly tarball no local data for @webassemblyjs/helper-wasm-section@https://registry.npmjs.org/@webassemblyjs/helper-wasm-section/-/helper-wasm-section-1.14.1.tgz. Extracting by manifest.
977 silly tarball no local data for @webassemblyjs/helper-buffer@https://registry.npmjs.org/@webassemblyjs/helper-buffer/-/helper-buffer-1.14.1.tgz. Extracting by manifest.
978 silly tarball no local data for @webassemblyjs/helper-api-error@https://registry.npmjs.org/@webassemblyjs/helper-api-error/-/helper-api-error-1.13.2.tgz. Extracting by manifest.
979 silly tarball no local data for @xtuc/long@https://registry.npmjs.org/@xtuc/long/-/long-4.2.2.tgz. Extracting by manifest.
980 silly tarball no local data for @webassemblyjs/floating-point-hex-parser@https://registry.npmjs.org/@webassemblyjs/floating-point-hex-parser/-/floating-point-hex-parser-1.13.2.tgz. Extracting by manifest.
981 silly tarball no local data for @webassemblyjs/helper-wasm-bytecode@https://registry.npmjs.org/@webassemblyjs/helper-wasm-bytecode/-/helper-wasm-bytecode-1.13.2.tgz. Extracting by manifest.
982 silly tarball no local data for webpack-sources@https://registry.npmjs.org/webpack-sources/-/webpack-sources-3.5.0.tgz. Extracting by manifest.
983 silly tarball no local data for @webassemblyjs/helper-numbers@https://registry.npmjs.org/@webassemblyjs/helper-numbers/-/helper-numbers-1.13.2.tgz. Extracting by manifest.
984 silly tarball no local data for terser-webpack-plugin@https://registry.npmjs.org/terser-webpack-plugin/-/terser-webpack-plugin-5.6.1.tgz. Extracting by manifest.
985 silly tarball no local data for watchpack@https://registry.npmjs.org/watchpack/-/watchpack-2.5.1.tgz. Extracting by manifest.
986 silly tarball no local data for schema-utils@https://registry.npmjs.org/schema-utils/-/schema-utils-4.3.3.tgz. Extracting by manifest.
987 silly tarball no local data for neo-async@https://registry.npmjs.org/neo-async/-/neo-async-2.6.2.tgz. Extracting by manifest.
988 silly tarball no local data for loader-runner@https://registry.npmjs.org/loader-runner/-/loader-runner-4.3.2.tgz. Extracting by manifest.
989 silly tarball no local data for glob-to-regexp@https://registry.npmjs.org/glob-to-regexp/-/glob-to-regexp-0.4.1.tgz. Extracting by manifest.
990 silly tarball no local data for acorn-import-phases@https://registry.npmjs.org/acorn-import-phases/-/acorn-import-phases-1.0.4.tgz. Extracting by manifest.
991 silly tarball no local data for chrome-trace-event@https://registry.npmjs.org/chrome-trace-event/-/chrome-trace-event-1.0.4.tgz. Extracting by manifest.
992 silly tarball no local data for events@https://registry.npmjs.org/events/-/events-3.3.0.tgz. Extracting by manifest.
993 silly tarball no local data for @webassemblyjs/wasm-parser@https://registry.npmjs.org/@webassemblyjs/wasm-parser/-/wasm-parser-1.14.1.tgz. Extracting by manifest.
994 silly tarball no local data for @webassemblyjs/wasm-edit@https://registry.npmjs.org/@webassemblyjs/wasm-edit/-/wasm-edit-1.14.1.tgz. Extracting by manifest.
995 silly tarball no local data for @webassemblyjs/ast@https://registry.npmjs.org/@webassemblyjs/ast/-/ast-1.14.1.tgz. Extracting by manifest.
996 silly tarball no local data for @rollup/rollup-win32-x64-msvc@https://registry.npmjs.org/@rollup/rollup-win32-x64-msvc/-/rollup-win32-x64-msvc-4.60.4.tgz. Extracting by manifest.
997 silly tarball no local data for @rollup/rollup-win32-x64-gnu@https://registry.npmjs.org/@rollup/rollup-win32-x64-gnu/-/rollup-win32-x64-gnu-4.60.4.tgz. Extracting by manifest.
998 silly tarball no local data for module-details-from-path@https://registry.npmjs.org/module-details-from-path/-/module-details-from-path-1.0.4.tgz. Extracting by manifest.
999 silly tarball no local data for cjs-module-lexer@https://registry.npmjs.org/cjs-module-lexer/-/cjs-module-lexer-2.2.0.tgz. Extracting by manifest.
1000 silly tarball no local data for @sentry-internal/replay-canvas@https://registry.npmjs.org/@sentry-internal/replay-canvas/-/replay-canvas-10.55.0.tgz. Extracting by manifest.
1001 silly tarball no local data for path-scurry@https://registry.npmjs.org/path-scurry/-/path-scurry-2.0.2.tgz. Extracting by manifest.
1002 silly tarball no local data for acorn-import-attributes@https://registry.npmjs.org/acorn-import-attributes/-/acorn-import-attributes-1.9.5.tgz. Extracting by manifest.
1003 silly tarball no local data for @sentry-internal/replay@https://registry.npmjs.org/@sentry-internal/replay/-/replay-10.55.0.tgz. Extracting by manifest.
1004 silly tarball no local data for @sentry-internal/feedback@https://registry.npmjs.org/@sentry-internal/feedback/-/feedback-10.55.0.tgz. Extracting by manifest.
1005 silly tarball no local data for require-in-the-middle@https://registry.npmjs.org/require-in-the-middle/-/require-in-the-middle-8.0.1.tgz. Extracting by manifest.
1006 silly tarball no local data for @sentry/browser@https://registry.npmjs.org/@sentry/browser/-/browser-10.55.0.tgz. Extracting by manifest.
1007 silly tarball no local data for import-in-the-middle@https://registry.npmjs.org/import-in-the-middle/-/import-in-the-middle-3.0.1.tgz. Extracting by manifest.
1008 silly tarball no local data for @opentelemetry/api-logs@https://registry.npmjs.org/@opentelemetry/api-logs/-/api-logs-0.214.0.tgz. Extracting by manifest.
1009 silly tarball no local data for @sentry/node-core@https://registry.npmjs.org/@sentry/node-core/-/node-core-10.55.0.tgz. Extracting by manifest.
1010 silly tarball no local data for proxy-from-env@https://registry.npmjs.org/proxy-from-env/-/proxy-from-env-1.1.0.tgz. Extracting by manifest.
1011 silly tarball no local data for @opentelemetry/instrumentation@https://registry.npmjs.org/@opentelemetry/instrumentation/-/instrumentation-0.214.0.tgz. Extracting by manifest.
1012 silly tarball no local data for progress@https://registry.npmjs.org/progress/-/progress-2.0.3.tgz. Extracting by manifest.
1013 silly tarball no local data for glob@https://registry.npmjs.org/glob/-/glob-13.0.6.tgz. Extracting by manifest.
1014 silly tarball no local data for @sentry/cli-win32-x64@https://registry.npmjs.org/@sentry/cli-win32-x64/-/cli-win32-x64-2.58.6.tgz. Extracting by manifest.
1015 silly tarball no local data for @sentry/cli@https://registry.npmjs.org/@sentry/cli/-/cli-2.58.6.tgz. Extracting by manifest.
1016 silly tarball no local data for @sentry/babel-plugin-component-annotate@https://registry.npmjs.org/@sentry/babel-plugin-component-annotate/-/babel-plugin-component-annotate-5.3.0.tgz. Extracting by manifest.
1017 silly tarball no local data for is-reference@https://registry.npmjs.org/is-reference/-/is-reference-1.2.1.tgz. Extracting by manifest.
1018 silly tarball no local data for commondir@https://registry.npmjs.org/commondir/-/commondir-1.0.1.tgz. Extracting by manifest.
1019 silly tarball no local data for @opentelemetry/resources@https://registry.npmjs.org/@opentelemetry/resources/-/resources-2.7.1.tgz. Extracting by manifest.
1020 silly tarball no local data for stacktrace-parser@https://registry.npmjs.org/stacktrace-parser/-/stacktrace-parser-0.1.11.tgz. Extracting by manifest.
1021 silly tarball no local data for @rollup/pluginutils@https://registry.npmjs.org/@rollup/pluginutils/-/pluginutils-5.4.0.tgz. Extracting by manifest.
1022 silly tarball no local data for @sentry/webpack-plugin@https://registry.npmjs.org/@sentry/webpack-plugin/-/webpack-plugin-5.3.0.tgz. Extracting by manifest.
1023 silly tarball no local data for rollup@https://registry.npmjs.org/rollup/-/rollup-4.60.4.tgz. Extracting by manifest.
1024 silly tarball no local data for webpack@https://registry.npmjs.org/webpack/-/webpack-5.107.2.tgz. Extracting by manifest.
1025 silly tarball no local data for @sentry/vercel-edge@https://registry.npmjs.org/@sentry/vercel-edge/-/vercel-edge-10.55.0.tgz. Extracting by manifest.
1026 silly tarball no local data for @sentry/react@https://registry.npmjs.org/@sentry/react/-/react-10.55.0.tgz. Extracting by manifest.
1027 silly tarball no local data for @opentelemetry/core@https://registry.npmjs.org/@opentelemetry/core/-/core-2.7.1.tgz. Extracting by manifest.
1028 silly tarball no local data for @opentelemetry/sdk-trace-base@https://registry.npmjs.org/@opentelemetry/sdk-trace-base/-/sdk-trace-base-2.7.1.tgz. Extracting by manifest.
1029 silly tarball no local data for @sentry/opentelemetry@https://registry.npmjs.org/@sentry/opentelemetry/-/opentelemetry-10.55.0.tgz. Extracting by manifest.
1030 silly tarball no local data for @sentry/node@https://registry.npmjs.org/@sentry/node/-/node-10.55.0.tgz. Extracting by manifest.
1031 silly tarball no local data for @sentry/core@https://registry.npmjs.org/@sentry/core/-/core-10.55.0.tgz. Extracting by manifest.
1032 silly tarball no local data for @sentry/bundler-plugin-core@https://registry.npmjs.org/@sentry/bundler-plugin-core/-/bundler-plugin-core-5.3.0.tgz. Extracting by manifest.
1033 silly tarball no local data for @sentry-internal/browser-utils@https://registry.npmjs.org/@sentry-internal/browser-utils/-/browser-utils-10.55.0.tgz. Extracting by manifest.
1034 silly tarball no local data for @rollup/plugin-commonjs@https://registry.npmjs.org/@rollup/plugin-commonjs/-/plugin-commonjs-28.0.1.tgz. Extracting by manifest.
1035 silly tarball no local data for @opentelemetry/semantic-conventions@https://registry.npmjs.org/@opentelemetry/semantic-conventions/-/semantic-conventions-1.41.1.tgz. Extracting by manifest.
1036 silly tarball no local data for @opentelemetry/api@https://registry.npmjs.org/@opentelemetry/api/-/api-1.9.1.tgz. Extracting by manifest.
1037 silly tarball no local data for @vercel/analytics@https://registry.npmjs.org/@vercel/analytics/-/analytics-2.0.1.tgz. Extracting by manifest.
1038 silly tarball no local data for @vercel/speed-insights@https://registry.npmjs.org/@vercel/speed-insights/-/speed-insights-2.0.0.tgz. Extracting by manifest.
1039 silly tarball no local data for @sentry/nextjs@https://registry.npmjs.org/@sentry/nextjs/-/nextjs-10.55.0.tgz. Extracting by manifest.
1040 silly tarball no local data for enhanced-resolve@https://registry.npmjs.org/enhanced-resolve/-/enhanced-resolve-5.22.1.tgz. Extracting by manifest.
1041 silly tarball no local data for commander@https://registry.npmjs.org/commander/-/commander-2.20.3.tgz. Extracting by manifest.
1042 silly tarball no local data for supports-color@https://registry.npmjs.org/supports-color/-/supports-color-8.1.1.tgz. Extracting by manifest.
1043 silly tarball no local data for json-schema-traverse@https://registry.npmjs.org/json-schema-traverse/-/json-schema-traverse-1.0.0.tgz. Extracting by manifest.
1044 silly tarball no local data for ajv-keywords@https://registry.npmjs.org/ajv-keywords/-/ajv-keywords-5.1.0.tgz. Extracting by manifest.
1045 silly tarball no local data for ajv-formats@https://registry.npmjs.org/ajv-formats/-/ajv-formats-2.1.1.tgz. Extracting by manifest.
1046 silly tarball no local data for ajv@https://registry.npmjs.org/ajv/-/ajv-8.20.0.tgz. Extracting by manifest.
1047 silly tarball no local data for balanced-match@https://registry.npmjs.org/balanced-match/-/balanced-match-4.0.4.tgz. Extracting by manifest.
1048 silly tarball no local data for lru-cache@https://registry.npmjs.org/lru-cache/-/lru-cache-11.5.1.tgz. Extracting by manifest.
1049 silly tarball no local data for minimatch@https://registry.npmjs.org/minimatch/-/minimatch-10.2.5.tgz. Extracting by manifest.
1050 silly tarball no local data for brace-expansion@https://registry.npmjs.org/brace-expansion/-/brace-expansion-5.0.6.tgz. Extracting by manifest.
1051 silly tarball no local data for node-fetch@https://registry.npmjs.org/node-fetch/-/node-fetch-2.7.0.tgz. Extracting by manifest.
1052 silly tarball no local data for agent-base@https://registry.npmjs.org/agent-base/-/agent-base-6.0.2.tgz. Extracting by manifest.
1053 silly tarball no local data for https-proxy-agent@https://registry.npmjs.org/https-proxy-agent/-/https-proxy-agent-5.0.1.tgz. Extracting by manifest.
1054 silly tarball no local data for picomatch@https://registry.npmjs.org/picomatch/-/picomatch-4.0.4.tgz. Extracting by manifest.
1055 silly tarball no local data for estree-walker@https://registry.npmjs.org/estree-walker/-/estree-walker-2.0.2.tgz. Extracting by manifest.
1056 silly tarball no local data for type-fest@https://registry.npmjs.org/type-fest/-/type-fest-0.7.1.tgz. Extracting by manifest.
1057 silly tarball no local data for estraverse@https://registry.npmjs.org/estraverse/-/estraverse-4.3.0.tgz. Extracting by manifest.
1058 silly tarball no local data for eslint-scope@https://registry.npmjs.org/eslint-scope/-/eslint-scope-5.1.1.tgz. Extracting by manifest.
1059 silly tarball no local data for dotenv@https://registry.npmjs.org/dotenv/-/dotenv-16.6.1.tgz. Extracting by manifest.
1060 silly tarball no local data for fdir@https://registry.npmjs.org/fdir/-/fdir-6.5.0.tgz. Extracting by manifest.
1061 silly tarball no local data for picomatch@https://registry.npmjs.org/picomatch/-/picomatch-4.0.4.tgz. Extracting by manifest.
1062 silly tarball no local data for estree-walker@https://registry.npmjs.org/estree-walker/-/estree-walker-2.0.2.tgz. Extracting by manifest.
1063 http fetch POST 200 https://registry.npmjs.org/-/npm/v1/security/advisories/bulk 302ms
1064 silly audit report {
1064 silly audit report   'brace-expansion': [
1064 silly audit report     {
1064 silly audit report       id: 1119088,
1064 silly audit report       url: 'https://github.com/advisories/GHSA-jxxr-4gwj-5jf2',
1064 silly audit report       title: 'brace-expansion: Large numeric range defeats documented `max` DoS protection',
1064 silly audit report       severity: 'moderate',
1064 silly audit report       vulnerable_versions: '>=5.0.0 <5.0.6',
1064 silly audit report       cwe: [Array],
1064 silly audit report       cvss: [Object]
1064 silly audit report     }
1064 silly audit report   ],
1064 silly audit report   'fast-uri': [
1064 silly audit report     {
1064 silly audit report       id: 1117884,
1064 silly audit report       url: 'https://github.com/advisories/GHSA-v39h-62p7-jpjc',
1064 silly audit report       title: 'fast-uri vulnerable to host confusion via percent-encoded authority delimiters',
1064 silly audit report       severity: 'high',
1064 silly audit report       vulnerable_versions: '<=3.1.1',
1064 silly audit report       cwe: [Array],
1064 silly audit report       cvss: [Object]
1064 silly audit report     },
1064 silly audit report     {
1064 silly audit report       id: 1117870,
1064 silly audit report       url: 'https://github.com/advisories/GHSA-q3j6-qgpj-74h6',
1064 silly audit report       title: 'fast-uri vulnerable to path traversal via percent-encoded dot segments',
1064 silly audit report       severity: 'high',
1064 silly audit report       vulnerable_versions: '<=3.1.0',
1064 silly audit report       cwe: [Array],
1064 silly audit report       cvss: [Object]
1064 silly audit report     }
1064 silly audit report   ],
1064 silly audit report   hono: [
1064 silly audit report     {
1064 silly audit report       id: 1117915,
1064 silly audit report       url: 'https://github.com/advisories/GHSA-qp7p-654g-cw7p',
1064 silly audit report       title: 'Hono has CSS Declaration Injection via Style Object Values in JSX SSR',
1064 silly audit report       severity: 'moderate',
1064 silly audit report       vulnerable_versions: '<4.12.18',
1064 silly audit report       cwe: [Array],
1064 silly audit report       cvss: [Object]
1064 silly audit report     },
1064 silly audit report     {
1064 silly audit report       id: 1118963,
1064 silly audit report       url: 'https://github.com/advisories/GHSA-hm8q-7f3q-5f36',
1064 silly audit report       title: 'Hono has improper validation of NumericDate claims (exp, nbf, iat) in JWT verify()',
1064 silly audit report       severity: 'low',
1064 silly audit report       vulnerable_versions: '<4.12.18',
1064 silly audit report       cwe: [Array],
1064 silly audit report       cvss: [Object]
1064 silly audit report     },
1064 silly audit report     {
1064 silly audit report       id: 1118964,
1064 silly audit report       url: 'https://github.com/advisories/GHSA-p77w-8qqv-26rm',
1064 silly audit report       title: "Hono's Cache Middleware ignores Vary: Authorization / Vary: Cookie leading to cross-user cache leakage",
1064 silly audit report       severity: 'moderate',
1064 silly audit report       vulnerable_versions: '<4.12.18',
1064 silly audit report       cwe: [Array],
1064 silly audit report       cvss: [Object]
1064 silly audit report     },
1064 silly audit report     {
1064 silly audit report       id: 1118982,
1064 silly audit report       url: 'https://github.com/advisories/GHSA-9vqf-7f2p-gf9v',
1064 silly audit report       title: 'Hono: bodyLimit() can be bypassed for chunked / unknown-length requests',
1064 silly audit report       severity: 'moderate',
1064 silly audit report       vulnerable_versions: '<4.12.16',
1064 silly audit report       cwe: [Array],
1064 silly audit report       cvss: [Object]
1064 silly audit report     },
1064 silly audit report     {
1064 silly audit report       id: 1118983,
1064 silly audit report       url: 'https://github.com/advisories/GHSA-69xw-7hcm-h432',
1064 silly audit report       title: 'hono/jsx has Unvalidated JSX Tag Names that May Allow HTML Injection',
1064 silly audit report       severity: 'moderate',
1064 silly audit report       vulnerable_versions: '<4.12.16',
1064 silly audit report       cwe: [Array],
1064 silly audit report       cvss: [Object]
1064 silly audit report     }
1064 silly audit report   ],
1064 silly audit report   'ip-address': [
1064 silly audit report     {
1064 silly audit report       id: 1118827,
1064 silly audit report       url: 'https://github.com/advisories/GHSA-v2v4-37r5-5v8g',
1064 silly audit report       title: 'ip-address has XSS in Address6 HTML-emitting methods',
1064 silly audit report       severity: 'moderate',
1064 silly audit report       vulnerable_versions: '<=10.1.0',
1064 silly audit report       cwe: [Array],
1064 silly audit report       cvss: [Object]
1064 silly audit report     }
1064 silly audit report   ],
1064 silly audit report   next: [
1064 silly audit report     {
1064 silly audit report       id: 1117930,
1064 silly audit report       url: 'https://github.com/advisories/GHSA-8h8q-6873-q5fj',
1064 silly audit report       title: 'Next.js Vulnerable to Denial of Service with Server Components',
1064 silly audit report       severity: 'high',
1064 silly audit report       vulnerable_versions: '>=16.0.0 <16.2.5',
1064 silly audit report       cwe: [Array],
1064 silly audit report       cvss: [Object]
1064 silly audit report     },
1064 silly audit report     {
1064 silly audit report       id: 1118938,
1064 silly audit report       url: 'https://github.com/advisories/GHSA-26hh-7cqf-hhc6',
1064 silly audit report       title: 'Next.js has a Middleware / Proxy bypass in App Router applications via segment-prefetch routes - Incomplete Fix Follow-Up',
1064 silly audit report       severity: 'high',
1064 silly audit report       vulnerable_versions: '>=16.0.0 <16.2.6',
1064 silly audit report       cwe: [Array],
1064 silly audit report       cvss: [Object]
1064 silly audit report     },
1064 silly audit report     {
1064 silly audit report       id: 1118941,
1064 silly audit report       url: 'https://github.com/advisories/GHSA-3g8h-86w9-wvmq',
1064 silly audit report       title: "Next.js's Middleware / Proxy redirects can be cache-poisoned",
1064 silly audit report       severity: 'low',
1064 silly audit report       vulnerable_versions: '>=16.0.0 <16.2.5',
1064 silly audit report       cwe: [Array],
1064 silly audit report       cvss: [Object]
1064 silly audit report     },
1064 silly audit report     {
1064 silly audit report       id: 1118943,
1064 silly audit report       url: 'https://github.com/advisories/GHSA-ffhc-5mcf-pf4q',
1064 silly audit report       title: 'Next.js vulnerable to cross-site scripting in App Router applications using CSP nonces',
1064 silly audit report       severity: 'moderate',
1064 silly audit report       vulnerable_versions: '>=16.0.0 <16.2.5',
1064 silly audit report       cwe: [Array],
1064 silly audit report       cvss: [Object]
1064 silly audit report     },
1064 silly audit report     {
1064 silly audit report       id: 1118945,
1064 silly audit report       url: 'https://github.com/advisories/GHSA-vfv6-92ff-j949',
1064 silly audit report       title: 'Next.js vulnerable to cache poisoning via collisions in React Server Component cache-busting',
1064 silly audit report       severity: 'low',
1064 silly audit report       vulnerable_versions: '>=16.0.0 <16.2.5',
1064 silly audit report       cwe: [Array],
1064 silly audit report       cvss: [Object]
1064 silly audit report     },
1064 silly audit report     {
1064 silly audit report       id: 1118947,
1064 silly audit report       url: 'https://github.com/advisories/GHSA-gx5p-jg67-6x7h',
1064 silly audit report       title: 'Next.js has cross-site scripting in beforeInteractive scripts with untrusted input',
1064 silly audit report       severity: 'moderate',
1064 silly audit report       vulnerable_versions: '>=16.0.0 <16.2.5',
1064 silly audit report       cwe: [Array],
1064 silly audit report       cvss: [Object]
1064 silly audit report     },
1064 silly audit report     {
1064 silly audit report       id: 1118949,
1064 silly audit report       url: 'https://github.com/advisories/GHSA-mg66-mrh9-m8jx',
1064 silly audit report       title: 'Next.js vulnerable to Denial of Service via connection exhaustion in applications using Cache Components',
1064 silly audit report       severity: 'high',
1064 silly audit report       vulnerable_versions: '>=16.0.0 <16.2.5',
1064 silly audit report       cwe: [Array],
1064 silly audit report       cvss: [Object]
1064 silly audit report     },
1064 silly audit report     {
1064 silly audit report       id: 1118951,
1064 silly audit report       url: 'https://github.com/advisories/GHSA-h64f-5h5j-jqjh',
1064 silly audit report       title: 'Next.js has a Denial of Service in the Image Optimization API',
1064 silly audit report       severity: 'moderate',
1064 silly audit report       vulnerable_versions: '>=16.0.0 <16.2.5',
1064 silly audit report       cwe: [Array],
1064 silly audit report       cvss: [Object]
1064 silly audit report     },
1064 silly audit report     {
1064 silly audit report       id: 1118953,
1064 silly audit report       url: 'https://github.com/advisories/GHSA-c4j6-fc7j-m34r',
1064 silly audit report       title: 'Next.js vulnerable to server-side request forgery in applications using WebSocket upgrades',
1064 silly audit report       severity: 'high',
1064 silly audit report       vulnerable_versions: '>=16.0.0 <16.2.5',
1064 silly audit report       cwe: [Array],
1064 silly audit report       cvss: [Object]
1064 silly audit report     },
1064 silly audit report     {
1064 silly audit report       id: 1118955,
1064 silly audit report       url: 'https://github.com/advisories/GHSA-492v-c6pp-mqqv',
1064 silly audit report       title: 'Next.js has a Middleware / Proxy bypass through dynamic route parameter injection',
1064 silly audit report       severity: 'high',
1064 silly audit report       vulnerable_versions: '>=16.0.0 <16.2.5',
1064 silly audit report       cwe: [Array],
1064 silly audit report       cvss: [Object]
1064 silly audit report     },
1064 silly audit report     {
1064 silly audit report       id: 1118957,
1064 silly audit report       url: 'https://github.com/advisories/GHSA-wfc6-r584-vfw7',
1064 silly audit report       title: 'Next.js vulnerable to cache poisoning in React Server Component responses',
1064 silly audit report       severity: 'moderate',
1064 silly audit report       vulnerable_versions: '>=16.0.0 <16.2.5',
1064 silly audit report       cwe: [Array],
1064 silly audit report       cvss: [Object]
1064 silly audit report     },
1064 silly audit report     {
1064 silly audit report       id: 1118959,
1064 silly audit report       url: 'https://github.com/advisories/GHSA-267c-6grr-h53f',
1064 silly audit report       title: 'Next.js has a Middleware / Proxy bypass in App Router applications via segment-prefetch routes',
1064 silly audit report       severity: 'high',
1064 silly audit report       vulnerable_versions: '>=16.0.0 <16.2.5',
1064 silly audit report       cwe: [Array],
1064 silly audit report       cvss: [Object]
1064 silly audit report     },
1064 silly audit report     {
1064 silly audit report       id: 1118961,
1064 silly audit report       url: 'https://github.com/advisories/GHSA-36qx-fr4f-26g5',
1064 silly audit report       title: 'Next.js has a Middleware / Proxy bypass in Pages Router applications using i18n',
1064 silly audit report       severity: 'high',
1064 silly audit report       vulnerable_versions: '>=16.0.0 <16.2.5',
1064 silly audit report       cwe: [Array],
1064 silly audit report       cvss: [Object]
1064 silly audit report     }
1064 silly audit report   ],
1064 silly audit report   postcss: [
1064 silly audit report     {
1064 silly audit report       id: 1117015,
1064 silly audit report       url: 'https://github.com/advisories/GHSA-qx2v-qp2m-jg93',
1064 silly audit report       title: 'PostCSS has XSS via Unescaped </style> in its CSS Stringify Output',
1064 silly audit report       severity: 'moderate',
1064 silly audit report       vulnerable_versions: '<8.5.10',
1064 silly audit report       cwe: [Array],
1064 silly audit report       cvss: [Object]
1064 silly audit report     }
1064 silly audit report   ],
1064 silly audit report   qs: [
1064 silly audit report     {
1064 silly audit report       id: 1119502,
1064 silly audit report       url: 'https://github.com/advisories/GHSA-q8mj-m7cp-5q26',
1064 silly audit report       title: 'qs has a remotely triggerable DoS: qs.stringify crashes with TypeError on null/undefined entries in comma-format arrays when encodeValuesOnly is set',
1064 silly audit report       severity: 'moderate',
1064 silly audit report       vulnerable_versions: '>=6.11.1 <=6.15.1',
1064 silly audit report       cwe: [Array],
1064 silly audit report       cvss: [Object]
1064 silly audit report     }
1064 silly audit report   ],
1064 silly audit report   ws: [
1064 silly audit report     {
1064 silly audit report       id: 1119108,
1064 silly audit report       url: 'https://github.com/advisories/GHSA-58qx-3vcg-4xpx',
1064 silly audit report       title: 'ws: Uninitialized memory disclosure',
1064 silly audit report       severity: 'moderate',
1064 silly audit report       vulnerable_versions: '>=8.0.0 <8.20.1',
1064 silly audit report       cwe: [Array],
1064 silly audit report       cvss: [Object]
1064 silly audit report     }
1064 silly audit report   ]
1064 silly audit report }
1065 silly packumentCache corgi:https://registry.npmjs.org/brace-expansion cache-miss
1066 silly packumentCache corgi:https://registry.npmjs.org/fast-uri cache-miss
1067 silly packumentCache corgi:https://registry.npmjs.org/hono cache-miss
1068 silly packumentCache corgi:https://registry.npmjs.org/ip-address cache-miss
1069 silly packumentCache corgi:https://registry.npmjs.org/next cache-miss
1070 silly packumentCache corgi:https://registry.npmjs.org/postcss cache-miss
1071 silly packumentCache corgi:https://registry.npmjs.org/qs cache-miss
1072 silly packumentCache corgi:https://registry.npmjs.org/ws cache-miss
1073 http fetch GET 200 https://registry.npmjs.org/@jridgewell/source-map/-/source-map-0.3.11.tgz 324ms (cache miss)
1074 http fetch GET 200 https://registry.npmjs.org/whatwg-url/-/whatwg-url-5.0.0.tgz 328ms (cache miss)
1075 http fetch GET 200 https://registry.npmjs.org/buffer-from/-/buffer-from-1.1.2.tgz 329ms (cache miss)
1076 http fetch GET 200 https://registry.npmjs.org/webidl-conversions/-/webidl-conversions-3.0.1.tgz 334ms (cache miss)
1077 http fetch GET 200 https://registry.npmjs.org/@webassemblyjs/helper-buffer/-/helper-buffer-1.14.1.tgz 325ms (cache miss)
1078 http fetch GET 200 https://registry.npmjs.org/source-map-support/-/source-map-support-0.5.21.tgz 358ms (cache miss)
1079 http fetch GET 200 https://registry.npmjs.org/@xtuc/ieee754/-/ieee754-1.2.0.tgz 390ms (cache miss)
1080 http fetch GET 200 https://registry.npmjs.org/tr46/-/tr46-0.0.3.tgz 413ms (cache miss)
1081 http fetch GET 200 https://registry.npmjs.org/@webassemblyjs/wasm-gen/-/wasm-gen-1.14.1.tgz 507ms (cache miss)
1082 http fetch GET 200 https://registry.npmjs.org/loader-runner/-/loader-runner-4.3.2.tgz 544ms (cache miss)
1083 http fetch GET 200 https://registry.npmjs.org/@webassemblyjs/floating-point-hex-parser/-/floating-point-hex-parser-1.13.2.tgz 581ms (cache miss)
1084 http fetch GET 200 https://registry.npmjs.org/@webassemblyjs/helper-api-error/-/helper-api-error-1.13.2.tgz 621ms (cache miss)
1085 http fetch GET 200 https://registry.npmjs.org/@webassemblyjs/helper-wasm-section/-/helper-wasm-section-1.14.1.tgz 625ms (cache miss)
1086 http fetch GET 200 https://registry.npmjs.org/glob-to-regexp/-/glob-to-regexp-0.4.1.tgz 617ms (cache miss)
1087 http fetch GET 200 https://registry.npmjs.org/module-details-from-path/-/module-details-from-path-1.0.4.tgz 633ms (cache miss)
1088 http fetch GET 200 https://registry.npmjs.org/chrome-trace-event/-/chrome-trace-event-1.0.4.tgz 650ms (cache miss)
1089 http fetch GET 200 https://registry.npmjs.org/@webassemblyjs/wast-printer/-/wast-printer-1.14.1.tgz 662ms (cache miss)
1090 http fetch GET 200 https://registry.npmjs.org/@webassemblyjs/leb128/-/leb128-1.13.2.tgz 671ms (cache miss)
1091 http fetch GET 200 https://registry.npmjs.org/require-in-the-middle/-/require-in-the-middle-8.0.1.tgz 646ms (cache miss)
1092 http fetch GET 200 https://registry.npmjs.org/@webassemblyjs/ieee754/-/ieee754-1.13.2.tgz 682ms (cache miss)
1093 http fetch GET 200 https://registry.npmjs.org/@webassemblyjs/helper-wasm-bytecode/-/helper-wasm-bytecode-1.13.2.tgz 679ms (cache miss)
1094 http fetch GET 200 https://registry.npmjs.org/@webassemblyjs/helper-numbers/-/helper-numbers-1.13.2.tgz 690ms (cache miss)
1095 http fetch GET 200 https://registry.npmjs.org/progress/-/progress-2.0.3.tgz 672ms (cache miss)
1096 http fetch GET 200 https://registry.npmjs.org/@webassemblyjs/wasm-opt/-/wasm-opt-1.14.1.tgz 700ms (cache miss)
1097 http fetch GET 200 https://registry.npmjs.org/acorn-import-phases/-/acorn-import-phases-1.0.4.tgz 698ms (cache miss)
1098 http fetch GET 200 https://registry.npmjs.org/acorn-import-attributes/-/acorn-import-attributes-1.9.5.tgz 691ms (cache miss)
1099 http fetch GET 200 https://registry.npmjs.org/cjs-module-lexer/-/cjs-module-lexer-2.2.0.tgz 707ms (cache miss)
1100 http fetch GET 200 https://registry.npmjs.org/@webassemblyjs/wasm-edit/-/wasm-edit-1.14.1.tgz 713ms (cache miss)
1101 http fetch GET 200 https://registry.npmjs.org/@xtuc/long/-/long-4.2.2.tgz 741ms (cache miss)
1102 http fetch GET 200 https://registry.npmjs.org/@webassemblyjs/wasm-parser/-/wasm-parser-1.14.1.tgz 755ms (cache miss)
1103 http fetch GET 200 https://registry.npmjs.org/proxy-from-env/-/proxy-from-env-1.1.0.tgz 758ms (cache miss)
1104 http fetch GET 200 https://registry.npmjs.org/@webassemblyjs/utf8/-/utf8-1.13.2.tgz 836ms (cache miss)
1105 http fetch GET 200 https://registry.npmjs.org/terser-webpack-plugin/-/terser-webpack-plugin-5.6.1.tgz 893ms (cache miss)
1106 http fetch GET 200 https://registry.npmjs.org/is-reference/-/is-reference-1.2.1.tgz 877ms (cache miss)
1107 http fetch GET 200 https://registry.npmjs.org/watchpack/-/watchpack-2.5.1.tgz 903ms (cache miss)
1108 http fetch GET 200 https://registry.npmjs.org/commondir/-/commondir-1.0.1.tgz 881ms (cache miss)
1109 http fetch GET 200 https://registry.npmjs.org/stacktrace-parser/-/stacktrace-parser-0.1.11.tgz 949ms (cache miss)
1110 http fetch GET 200 https://registry.npmjs.org/import-in-the-middle/-/import-in-the-middle-3.0.1.tgz 961ms (cache miss)
1111 http fetch GET 200 https://registry.npmjs.org/@rollup/pluginutils/-/pluginutils-5.4.0.tgz 1003ms (cache miss)
1112 http fetch GET 200 https://registry.npmjs.org/path-scurry/-/path-scurry-2.0.2.tgz 1078ms (cache miss)
1113 http fetch GET 200 https://registry.npmjs.org/schema-utils/-/schema-utils-4.3.3.tgz 1097ms (cache miss)
1114 http fetch GET 200 https://registry.npmjs.org/jest-worker/-/jest-worker-27.5.1.tgz 1114ms (cache miss)
1115 http fetch GET 200 https://registry.npmjs.org/webpack-sources/-/webpack-sources-3.5.0.tgz 1130ms (cache miss)
1116 http fetch GET 200 https://registry.npmjs.org/@rollup/rollup-win32-x64-gnu/-/rollup-win32-x64-gnu-4.60.4.tgz 1136ms (cache miss)
1117 http fetch GET 200 https://registry.npmjs.org/@sentry/babel-plugin-component-annotate/-/babel-plugin-component-annotate-5.3.0.tgz 1142ms (cache miss)
1118 http fetch GET 200 https://registry.npmjs.org/events/-/events-3.3.0.tgz 1175ms (cache miss)
1119 http fetch GET 200 https://registry.npmjs.org/@rollup/rollup-win32-x64-msvc/-/rollup-win32-x64-msvc-4.60.4.tgz 1242ms (cache miss)
1120 http fetch GET 200 https://registry.npmjs.org/@sentry/cli/-/cli-2.58.6.tgz 1359ms (cache miss)
1121 http fetch GET 200 https://registry.npmjs.org/@webassemblyjs/ast/-/ast-1.14.1.tgz 1410ms (cache miss)
1122 http fetch GET 200 https://registry.npmjs.org/@sentry-internal/replay-canvas/-/replay-canvas-10.55.0.tgz 1418ms (cache miss)
1123 http fetch GET 200 https://registry.npmjs.org/commander/-/commander-2.20.3.tgz 1706ms (cache miss)
1124 http fetch GET 200 https://registry.npmjs.org/supports-color/-/supports-color-8.1.1.tgz 1711ms (cache miss)
1125 http fetch GET 200 https://registry.npmjs.org/balanced-match/-/balanced-match-4.0.4.tgz 1720ms (cache miss)
1126 http fetch GET 200 https://registry.npmjs.org/ajv-formats/-/ajv-formats-2.1.1.tgz 1741ms (cache miss)
1127 http fetch GET 200 https://registry.npmjs.org/json-schema-traverse/-/json-schema-traverse-1.0.0.tgz 1742ms (cache miss)
1128 http fetch GET 200 https://registry.npmjs.org/@rollup/plugin-commonjs/-/plugin-commonjs-28.0.1.tgz 1770ms (cache miss)
1129 http fetch GET 200 https://registry.npmjs.org/@sentry/webpack-plugin/-/webpack-plugin-5.3.0.tgz 1798ms (cache miss)
1130 http fetch GET 200 https://registry.npmjs.org/brace-expansion/-/brace-expansion-5.0.6.tgz 1786ms (cache miss)
1131 http fetch GET 200 https://registry.npmjs.org/agent-base/-/agent-base-6.0.2.tgz 1799ms (cache miss)
1132 http fetch GET 200 https://registry.npmjs.org/node-fetch/-/node-fetch-2.7.0.tgz 1872ms (cache miss)
1133 http fetch GET 200 https://registry.npmjs.org/picomatch/-/picomatch-4.0.4.tgz 1901ms (cache miss)
1134 http fetch GET 200 https://registry.npmjs.org/https-proxy-agent/-/https-proxy-agent-5.0.1.tgz 1924ms (cache miss)
1135 http fetch GET 200 https://registry.npmjs.org/terser/-/terser-5.48.0.tgz 2108ms (cache miss)
1136 http fetch GET 200 https://registry.npmjs.org/estree-walker/-/estree-walker-2.0.2.tgz 2039ms (cache miss)
1137 http fetch GET 200 https://registry.npmjs.org/estraverse/-/estraverse-4.3.0.tgz 2037ms (cache miss)
1138 http fetch GET 200 https://registry.npmjs.org/type-fest/-/type-fest-0.7.1.tgz 2042ms (cache miss)
1139 http fetch GET 200 https://registry.npmjs.org/fast-uri 1914ms (cache miss)
1140 silly packumentCache corgi:https://registry.npmjs.org/fast-uri set size:undefined disposed:false
1141 http fetch GET 200 https://registry.npmjs.org/ip-address 1935ms (cache miss)
1142 silly packumentCache corgi:https://registry.npmjs.org/ip-address set size:undefined disposed:false
1143 http fetch GET 200 https://registry.npmjs.org/brace-expansion 1950ms (cache miss)
1144 silly packumentCache corgi:https://registry.npmjs.org/brace-expansion set size:undefined disposed:false
1145 http fetch GET 200 https://registry.npmjs.org/fdir/-/fdir-6.5.0.tgz 2125ms (cache miss)
1146 http fetch GET 200 https://registry.npmjs.org/neo-async/-/neo-async-2.6.2.tgz 2201ms (cache miss)
1147 http fetch GET 200 https://registry.npmjs.org/qs 1975ms (cache miss)
1148 silly packumentCache corgi:https://registry.npmjs.org/qs set size:undefined disposed:false
1149 http fetch GET 200 https://registry.npmjs.org/dotenv/-/dotenv-16.6.1.tgz 2174ms (cache miss)
1150 http fetch GET 200 https://registry.npmjs.org/picomatch/-/picomatch-4.0.4.tgz 2181ms (cache miss)
1151 http fetch GET 200 https://registry.npmjs.org/ws 2007ms (cache miss)
1152 silly packumentCache corgi:https://registry.npmjs.org/ws set size:undefined disposed:false
1153 http fetch GET 200 https://registry.npmjs.org/eslint-scope/-/eslint-scope-5.1.1.tgz 2204ms (cache miss)
1154 http fetch GET 200 https://registry.npmjs.org/rollup/-/rollup-4.60.4.tgz 2254ms (cache miss)
1155 http fetch GET 200 https://registry.npmjs.org/hono 2056ms (cache miss)
1156 silly packumentCache corgi:https://registry.npmjs.org/hono set size:undefined disposed:false
1157 http fetch GET 200 https://registry.npmjs.org/postcss 2167ms (cache miss)
1158 silly packumentCache corgi:https://registry.npmjs.org/postcss set size:undefined disposed:false
1159 http fetch GET 200 https://registry.npmjs.org/estree-walker/-/estree-walker-2.0.2.tgz 2375ms (cache miss)
1160 http fetch GET 200 https://registry.npmjs.org/@sentry/bundler-plugin-core/-/bundler-plugin-core-5.3.0.tgz 2482ms (cache miss)
1161 http fetch GET 200 https://registry.npmjs.org/enhanced-resolve/-/enhanced-resolve-5.22.1.tgz 2582ms (cache miss)
1162 http fetch GET 200 https://registry.npmjs.org/glob/-/glob-13.0.6.tgz 2775ms (cache miss)
1163 http fetch GET 200 https://registry.npmjs.org/@sentry/vercel-edge/-/vercel-edge-10.55.0.tgz 2804ms (cache miss)
1164 http fetch GET 200 https://registry.npmjs.org/@vercel/speed-insights/-/speed-insights-2.0.0.tgz 3141ms (cache miss)
1165 http fetch GET 200 https://registry.npmjs.org/minimatch/-/minimatch-10.2.5.tgz 3350ms (cache miss)
1166 http fetch GET 200 https://registry.npmjs.org/@vercel/analytics/-/analytics-2.0.1.tgz 3434ms (cache miss)
1167 http fetch GET 200 https://registry.npmjs.org/@sentry/cli-win32-x64/-/cli-win32-x64-2.58.6.tgz 4961ms (cache miss)
1168 http fetch GET 200 https://registry.npmjs.org/@opentelemetry/api-logs/-/api-logs-0.214.0.tgz 5318ms (cache miss)
1169 http fetch GET 200 https://registry.npmjs.org/@sentry-internal/feedback/-/feedback-10.55.0.tgz 7135ms (cache miss)
1170 http fetch GET 200 https://registry.npmjs.org/@sentry/opentelemetry/-/opentelemetry-10.55.0.tgz 7758ms (cache miss)
1171 http fetch GET 200 https://registry.npmjs.org/@sentry/react/-/react-10.55.0.tgz 7818ms (cache miss)
1172 http fetch GET 200 https://registry.npmjs.org/lru-cache/-/lru-cache-11.5.1.tgz 7800ms (cache miss)
1173 http fetch GET 200 https://registry.npmjs.org/ajv-keywords/-/ajv-keywords-5.1.0.tgz 7893ms (cache miss)
1174 http fetch GET 200 https://registry.npmjs.org/next 8342ms (cache miss)
1175 silly packumentCache corgi:https://registry.npmjs.org/next set size:undefined disposed:false
1176 silly packumentCache corgi:https://registry.npmjs.org/minimatch cache-miss
1177 http fetch GET 200 https://registry.npmjs.org/@opentelemetry/instrumentation/-/instrumentation-0.214.0.tgz 10530ms (cache miss)
1178 http fetch GET 200 https://registry.npmjs.org/minimatch 82ms (cache miss)
1179 silly packumentCache corgi:https://registry.npmjs.org/minimatch set size:undefined disposed:false
1180 silly packumentCache corgi:https://registry.npmjs.org/ajv cache-miss
1181 http fetch GET 200 https://registry.npmjs.org/ajv 118ms (cache miss)
1182 silly packumentCache corgi:https://registry.npmjs.org/ajv set size:undefined disposed:false
1183 silly packumentCache corgi:https://registry.npmjs.org/@hono%2fnode-server cache-miss
1184 silly packumentCache corgi:https://registry.npmjs.org/@modelcontextprotocol%2fsdk cache-miss
1185 http fetch GET 200 https://registry.npmjs.org/@opentelemetry/semantic-conventions/-/semantic-conventions-1.41.1.tgz 10742ms (cache miss)
1186 http fetch GET 200 https://registry.npmjs.org/@modelcontextprotocol%2fsdk 94ms (cache miss)
1187 silly packumentCache corgi:https://registry.npmjs.org/@modelcontextprotocol%2fsdk set size:undefined disposed:false
1188 http fetch GET 200 https://registry.npmjs.org/@hono%2fnode-server 123ms (cache miss)
1189 silly packumentCache corgi:https://registry.npmjs.org/@hono%2fnode-server set size:undefined disposed:false
1190 silly packumentCache corgi:https://registry.npmjs.org/express-rate-limit cache-miss
1191 http fetch GET 200 https://registry.npmjs.org/express-rate-limit 59ms (cache miss)
1192 silly packumentCache corgi:https://registry.npmjs.org/express-rate-limit set size:undefined disposed:false
1193 silly packumentCache corgi:https://registry.npmjs.org/next-intl cache-miss
1194 silly packumentCache corgi:https://registry.npmjs.org/@sentry%2fnextjs cache-miss
1195 silly packumentCache corgi:https://registry.npmjs.org/@vercel%2fanalytics cache-miss
1196 silly packumentCache corgi:https://registry.npmjs.org/@vercel%2fspeed-insights cache-miss
1197 http fetch GET 200 https://registry.npmjs.org/next-intl 437ms (cache miss)
1198 silly packumentCache corgi:https://registry.npmjs.org/next-intl set size:undefined disposed:false
1199 http fetch GET 200 https://registry.npmjs.org/@vercel%2fspeed-insights 557ms (cache miss)
1200 silly packumentCache corgi:https://registry.npmjs.org/@vercel%2fspeed-insights set size:undefined disposed:false
1201 http fetch GET 200 https://registry.npmjs.org/@vercel%2fanalytics 588ms (cache miss)
1202 silly packumentCache corgi:https://registry.npmjs.org/@vercel%2fanalytics set size:undefined disposed:false
1203 http fetch GET 200 https://registry.npmjs.org/@sentry-internal/replay/-/replay-10.55.0.tgz 11592ms (cache miss)
1204 http fetch GET 200 https://registry.npmjs.org/@sentry%2fnextjs 621ms (cache miss)
1205 silly packumentCache corgi:https://registry.npmjs.org/@sentry%2fnextjs set size:undefined disposed:false
1206 silly packumentCache corgi:https://registry.npmjs.org/body-parser cache-miss
1207 silly packumentCache corgi:https://registry.npmjs.org/express cache-miss
1208 http fetch GET 200 https://registry.npmjs.org/body-parser 70ms (cache miss)
1209 silly packumentCache corgi:https://registry.npmjs.org/body-parser set size:undefined disposed:false
1210 http fetch GET 200 https://registry.npmjs.org/express 125ms (cache miss)
1211 silly packumentCache corgi:https://registry.npmjs.org/express set size:undefined disposed:false
1212 silly packumentCache corgi:https://registry.npmjs.org/@supabase%2frealtime-js cache-miss
1213 http fetch GET 200 https://registry.npmjs.org/@opentelemetry/sdk-trace-base/-/sdk-trace-base-2.7.1.tgz 12198ms (cache miss)
1214 http fetch GET 200 https://registry.npmjs.org/@opentelemetry/core/-/core-2.7.1.tgz 12348ms (cache miss)
1215 http fetch GET 200 https://registry.npmjs.org/@opentelemetry/resources/-/resources-2.7.1.tgz 12403ms (cache miss)
1216 http fetch GET 200 https://registry.npmjs.org/@supabase%2frealtime-js 548ms (cache miss)
1217 silly packumentCache corgi:https://registry.npmjs.org/@supabase%2frealtime-js set size:undefined disposed:false
1218 http fetch GET 200 https://registry.npmjs.org/@sentry-internal/browser-utils/-/browser-utils-10.55.0.tgz 12849ms (cache miss)
1219 http fetch GET 200 https://registry.npmjs.org/ajv/-/ajv-8.20.0.tgz 13206ms (cache miss)
1220 http fetch GET 200 https://registry.npmjs.org/@sentry/node-core/-/node-core-10.55.0.tgz 13367ms (cache miss)
1221 http fetch GET 200 https://registry.npmjs.org/@opentelemetry/api/-/api-1.9.1.tgz 13599ms (cache miss)
1222 http fetch GET 200 https://registry.npmjs.org/webpack/-/webpack-5.107.2.tgz 13772ms (cache miss)
1223 http fetch GET 200 https://registry.npmjs.org/@sentry/nextjs/-/nextjs-10.55.0.tgz 13846ms (cache miss)
1224 http fetch GET 200 https://registry.npmjs.org/@sentry/browser/-/browser-10.55.0.tgz 14333ms (cache miss)
1225 http fetch GET 200 https://registry.npmjs.org/@sentry/node/-/node-10.55.0.tgz 18108ms (cache miss)
1226 http fetch GET 200 https://registry.npmjs.org/@sentry/core/-/core-10.55.0.tgz 18737ms (cache miss)
1227 info run @sentry/cli@2.58.6 postinstall node_modules/@sentry/cli node ./scripts/install.js
1228 info run @sentry/cli@2.58.6 postinstall { code: 0, signal: null }
1229 silly ADD node_modules/webidl-conversions
1230 silly ADD node_modules/tr46
1231 silly ADD node_modules/whatwg-url
1232 silly ADD node_modules/buffer-from
1233 silly ADD node_modules/source-map-support
1234 silly ADD node_modules/@jridgewell/source-map
1235 silly ADD node_modules/terser
1236 silly ADD node_modules/terser/node_modules/commander
1237 silly ADD node_modules/jest-worker
1238 silly ADD node_modules/jest-worker/node_modules/supports-color
1239 silly ADD node_modules/@xtuc/ieee754
1240 silly ADD node_modules/@webassemblyjs/utf8
1241 silly ADD node_modules/@webassemblyjs/leb128
1242 silly ADD node_modules/@webassemblyjs/ieee754
1243 silly ADD node_modules/@webassemblyjs/wast-printer
1244 silly ADD node_modules/@webassemblyjs/wasm-opt
1245 silly ADD node_modules/@webassemblyjs/wasm-gen
1246 silly ADD node_modules/@webassemblyjs/helper-wasm-section
1247 silly ADD node_modules/@webassemblyjs/helper-buffer
1248 silly ADD node_modules/@xtuc/long
1249 silly ADD node_modules/@webassemblyjs/helper-api-error
1250 silly ADD node_modules/@webassemblyjs/floating-point-hex-parser
1251 silly ADD node_modules/@webassemblyjs/helper-wasm-bytecode
1252 silly ADD node_modules/@webassemblyjs/helper-numbers
1253 silly ADD node_modules/webpack-sources
1254 silly ADD node_modules/watchpack
1255 silly ADD node_modules/terser-webpack-plugin
1256 silly ADD node_modules/schema-utils
1257 silly ADD node_modules/schema-utils/node_modules/json-schema-traverse
1258 silly ADD node_modules/schema-utils/node_modules/ajv-keywords
1259 silly ADD node_modules/schema-utils/node_modules/ajv-formats
1260 silly ADD node_modules/schema-utils/node_modules/ajv
1261 silly ADD node_modules/neo-async
1262 silly ADD node_modules/loader-runner
1263 silly ADD node_modules/glob-to-regexp
1264 silly ADD node_modules/events
1265 silly ADD node_modules/chrome-trace-event
1266 silly ADD node_modules/acorn-import-phases
1267 silly ADD node_modules/@webassemblyjs/wasm-parser
1268 silly ADD node_modules/@webassemblyjs/wasm-edit
1269 silly ADD node_modules/@webassemblyjs/ast
1270 silly ADD node_modules/@rollup/rollup-win32-x64-msvc
1271 silly ADD node_modules/@rollup/rollup-win32-x64-gnu
1272 silly ADD node_modules/module-details-from-path
1273 silly ADD node_modules/cjs-module-lexer
1274 silly ADD node_modules/acorn-import-attributes
1275 silly ADD node_modules/path-scurry
1276 silly ADD node_modules/path-scurry/node_modules/lru-cache
1277 silly ADD node_modules/@sentry-internal/replay-canvas
1278 silly ADD node_modules/@sentry-internal/replay
1279 silly ADD node_modules/@sentry-internal/feedback
1280 silly ADD node_modules/@sentry/browser
1281 silly ADD node_modules/require-in-the-middle
1282 silly ADD node_modules/@opentelemetry/api-logs
1283 silly ADD node_modules/import-in-the-middle
1284 silly ADD node_modules/@sentry/node-core
1285 silly ADD node_modules/@opentelemetry/instrumentation
1286 silly ADD node_modules/proxy-from-env
1287 silly ADD node_modules/progress
1288 silly ADD node_modules/@sentry/cli-win32-x64
1289 silly ADD node_modules/glob
1290 silly ADD node_modules/glob/node_modules/balanced-match
1291 silly ADD node_modules/glob/node_modules/brace-expansion
1292 silly ADD node_modules/glob/node_modules/minimatch
1293 silly ADD node_modules/@sentry/cli
1294 silly ADD node_modules/@sentry/cli/node_modules/agent-base
1295 silly ADD node_modules/@sentry/cli/node_modules/node-fetch
1296 silly ADD node_modules/@sentry/cli/node_modules/https-proxy-agent
1297 silly ADD node_modules/@sentry/babel-plugin-component-annotate
1298 silly ADD node_modules/is-reference
1299 silly ADD node_modules/commondir
1300 silly ADD node_modules/@rollup/pluginutils
1301 silly ADD node_modules/@rollup/pluginutils/node_modules/picomatch
1302 silly ADD node_modules/@rollup/pluginutils/node_modules/estree-walker
1303 silly ADD node_modules/@opentelemetry/resources
1304 silly ADD node_modules/stacktrace-parser
1305 silly ADD node_modules/stacktrace-parser/node_modules/type-fest
1306 silly ADD node_modules/rollup
1307 silly ADD node_modules/webpack
1308 silly ADD node_modules/webpack/node_modules/estraverse
1309 silly ADD node_modules/webpack/node_modules/eslint-scope
1310 silly ADD node_modules/@sentry/webpack-plugin
1311 silly ADD node_modules/@sentry/vercel-edge
1312 silly ADD node_modules/@sentry/react
1313 silly ADD node_modules/@opentelemetry/sdk-trace-base
1314 silly ADD node_modules/@opentelemetry/core
1315 silly ADD node_modules/@sentry/opentelemetry
1316 silly ADD node_modules/@sentry/node
1317 silly ADD node_modules/@sentry/core
1318 silly ADD node_modules/@sentry/bundler-plugin-core
1319 silly ADD node_modules/@sentry/bundler-plugin-core/node_modules/dotenv
1320 silly ADD node_modules/@sentry-internal/browser-utils
1321 silly ADD node_modules/@rollup/plugin-commonjs
1322 silly ADD node_modules/@rollup/plugin-commonjs/node_modules/picomatch
1323 silly ADD node_modules/@rollup/plugin-commonjs/node_modules/fdir
1324 silly ADD node_modules/@rollup/plugin-commonjs/node_modules/estree-walker
1325 silly ADD node_modules/@opentelemetry/semantic-conventions
1326 silly ADD node_modules/@opentelemetry/api
1327 silly ADD node_modules/@vercel/speed-insights
1328 silly ADD node_modules/@vercel/analytics
1329 silly ADD node_modules/@sentry/nextjs
1330 silly CHANGE node_modules/enhanced-resolve
1331 verbose cwd D:\Project\SOSH
1332 verbose os Windows_NT 10.0.19045
1333 verbose node v25.8.2
1334 verbose npm  v11.11.1
1335 notice
1335 notice New minor version of npm available! 11.11.1 -> 11.16.0
1335 notice Changelog: https://github.com/npm/cli/releases/tag/v11.16.0
1335 notice To update run: npm install -g npm@11.16.0
1335 notice  { force: true, Symbol(proc-log.meta): true }
1336 verbose exit 0
1337 info ok
